# number	english	chinese
1	abandon	拋棄；遺棄
2	abide	忍受；容忍
3	ability	能力；才能
4	able	能；可；會
5	abnormal	不正常的；反常的
6	abroad	在國外；到國外
7	aboard	在（交通工具）上；上（交通工具）在（交通工具）上
8	abolish	廢除；廢止
9	aborigine	土著；原住民
10	abort	流產；夭折；（計畫等）失敗
11	abound	富足；充滿
12	about	在四周；到處關於；對於；在⋯⋯的周圍
13	above	在上面；向上面在⋯⋯上面；優於；勝過
14	above-average	在平均水平以上；超過平均水平
15	abrupt	突然的；唐突的
16	abruptly	突然地；唐突地
17	absence	不在，缺席
18	absent	缺席的，不在場的
19	absolute	純粹的；完全的
20	absolutely	絕對地，完全地
21	absorb	吸收；理解
22	abstract	抽象的；深奧的摘要，抽象派藝術作品
23	absurd	不合理的，荒謬的
24	abundance	豐富；充足
25	abundant	大量的；充足的
26	abuse	濫用；虐待
27	abusive	辱罵的；濫用的
28	academic	學校的；學術的學者；學究
29	academy	學院；大學
30	accelerate	加快；增長
31	accent	口音，腔調強調，著重
32	accept	接受；答應
33	acceptable	可以接受的；令人滿意的
34	acceptance	接受；贊同
35	access	進入；入口使用；接近
36	accessibility	易接近；易受影響
37	accessible	可接近的；可進入的
38	accessory	附件；配件附屬的；輔助的
39	accident	事故；災禍
40	accidental	偶然的；意外的
41	accident-prone	容易受傷的；容易出意外的
42	acclaim	歡呼；喝采
43	acclimatize	使適應新環境
44	accommodate	使適應；使相符
45	accommodation	適應；調節
46	accompany	陪同，伴隨
47	accomplish	完成，實現，達到
48	accomplishment	成就；成績
49	accord	使一致，調解
50	according	相符的；和諧的
51	account	帳目，帳單把⋯⋯視為
52	accountable	應負責任的；可說明的
53	accountant	會計師；會計人員
54	accounting	會計學；結帳
55	accrue	積累；獲得
56	accumulate	累積；積聚
57	accumulation	積累；積聚
58	accuracy	正確；準確
59	accurate	準確的；精確的
60	accuse	控告；譴責
61	accustom	習慣（於）
62	ache	疼痛疼痛；感到痛苦
63	achieve	完成，實現
64	achievement	達成；完成
65	acknowledge	承認
66	acknowledgement	承認；確認；認可
67	acquire	取得；獲得
68	acquisitive	想獲得的；貪得無厭的
69	acquisition	獲得，取得
70	acre	英畝；地產
71	across	橫越，穿過；在⋯⋯那邊橫過
72	act	扮演；做事；見效行為；行動
73	action	行動；行為
74	activate	使活化；使活潑
75	active	活躍的；活潑的；積極的
76	activity	活動；行動
77	actor	演員；行動者
78	actress	女演員
79	actual	實際的；事實上的
80	actually	實際上；真的
81	acute	嚴重的；敏銳的
82	adapt	使適應，使適合
83	adapter	改編者；轉接器
84	add	添加；增加
85	addict	使沉溺；使醉心
86	addiction	沉溺；成癮
87	addictive	成癮的；上癮的
88	addition	加；附加
89	additionally	附加地；同時；此外
90	address	住址；地址向⋯⋯致詞；向⋯⋯發表演說
91	adept	能手；內行
92	adequate	足夠的；適當的
93	adhere	黏附；遵守；堅持
94	adjust	調整；校正
95	adjustment	調整；校正
96	administrate	管理；支配
97	administration	管理；經營；行政
98	administrator	管理人；行政官員
99	admirable	值得讚揚的；令人欽佩的
100	admiration	欽佩；欣賞
101	admire	欽佩；欣賞
102	admit	承認；准許進入
103	admittance	進入；入場許可
104	adolescence	青春期；青少年時期
105	adolescent	青少年的；幼稚的青少年
106	adopt	採取；採納
107	adoption	採納；採用
108	adorn	裝飾；使生色
109	adult	成年人成年的；成熟的
110	advance	前進；進展前進；發展先行的；預先的
111	advanced	在前面的；先進的；開明的
112	advantage	優點；利益有利於；使處於優勢
113	adventure	冒險; 冒險精神
114	adversary	敵手；敵人
115	adverse	反面的；不利的
116	advertise	廣告；公布
117	advertisement	廣告；宣傳
118	advice	勸告；忠告
119	advisable	可取的；適當的
120	advise	勸告；忠告
121	adviser	顧問；勸告者
122	advocate	提倡者；辯護者；律師
123	affair	事件；事務
124	affect	影響；對⋯⋯發生作用
125	affection	愛；情愛
126	affirm	申明；堅稱；證實
127	affirmative	肯定的；表示贊成的
128	affix	貼上；添上；附上
129	afraid	害怕的；恐怕；遺憾
130	after	在⋯之後在⋯之後以後；之後以後的；後部的
131	afternoon	下午；午後
132	after-tax	稅後；淨收的
133	afterward	之後；以後
134	again	再；再一次
135	against	反對；違反
136	age	年齡變老；成熟
137	agency	經銷處；代理機構
138	agenda	待議諸事項；議程
139	agent	代理商；仲介人
140	aggression	侵略
141	aggressive	侵略的；好鬥的
142	agility	敏捷；靈活
143	ago	在⋯⋯以前
144	agree	同意；贊同
145	agreement	同意；協定
146	agricultural	農業的；務農的
147	ahead	在前；向前；預先
148	aid	幫助；救助幫助；救助
149	aim	瞄準；目的
150	air-conditioner	冷氣機
151	aircraft	飛機；飛艇
152	airline	航線；航空公司
153	airport	機場
154	aisle	通道；走道
155	alarm	警報；鬧鐘使驚慌不安；使恐懼
156	alert	使警覺；使注意警戒；警報警覺的；警惕的
157	align	排成直線；使結盟
158	alike	相同的；相像的一樣地；相似地
159	allege	斷言；宣稱
160	allegedly	據傳說；據宣稱
161	allergy	過敏症
162	alley	小巷；小徑
163	alliance	結盟；聯盟
164	allocate	分派；分配
165	allow	允許；准許
166	allowance	津貼；補貼
167	allure	引誘；誘惑誘惑力，魅力
168	almost	幾乎；差不多
169	along	沿著；順著向前；一起
170	already	已經；先前
171	alter	改變；修改
172	alternate	交替的；輪流的代理人；代替者
173	alternative	替代的；供選擇的選擇；二擇一
174	altogether	完全；全然
175	amateur	業餘的；外行的業餘；外行
176	amaze	使驚奇；使驚愕
177	ambiguous	含糊不清的；引起歧義的
178	ambition	雄心；抱負
179	amend	修訂；修改
180	amendment	改正；修正；修正案
181	amid	在⋯之間；被⋯包圍
182	among	在⋯之中；在⋯中間
183	amount	總數；總額共計；相當於
184	amplify	增強；擴大
185	amuse	使歡樂；使發笑
186	analyze	分析
187	angle	角；角度
188	animate	賦予生命；使有生命
189	anniversary	週年紀念週年的
190	announce	宣布；發布
191	announcement	通告；布告
192	annual	一年一次的；每年的
193	annually	每年；每年一次
194	anonymous	匿名的；姓氏不明的
195	another	又一；再一
196	answer	回答；答覆回答；答覆
197	antibiotic	抗生的；抗菌的抗生素；抗菌素
198	anxiety	焦慮；掛念
199	anxious	焦慮的；掛念的
200	any	任一；每一任何一個；任何人
201	apart	分開地；有距離地
202	apologetic	道歉的；認錯的
203	apology	道歉；陪罪
204	apparent	表面的；外觀的
205	apparently	顯然地；表面上
206	appeal	呼籲；懇求
207	appear	出現；顯露
208	appearance	出現；顯露
209	appetite	食慾；胃口
210	applaud	鼓掌歡迎；喝采
211	appliance	用具；裝置
212	applicant	申請人
213	apply	申請；請求
214	appoint	任命；指派
215	appraise	估計；估量
216	apprehend	逮捕；對⋯⋯擔慮
217	apprentice	徒弟；見習生
218	approach	接近；靠近
219	appropriate	適當的；恰當的
220	approval	批准；認可
221	approve	同意；贊許
222	approximate	接近的；大約的接近；近似
223	apt	易於⋯的；有⋯傾向的
224	architect	建築師；設計師
225	architecture	建築物；建築學；結構
226	archive	把⋯存檔；把⋯收集歸檔檔案保管處；文件；記錄
227	area	地區；區域
228	arena	圓形運動場；比賽場
229	argue	爭論；辯論；主張
230	argument	爭執；爭吵
231	arise	升起；上升；產生
232	around	到處；周圍圍繞；在⋯⋯附近
233	arouse	喚起；激動；使奮發
234	arrange	整理；安排；籌備
235	arrest	逮捕；拘留
236	arrival	到達；到來
237	arrive	到達；到來
238	articulate	清楚地講話；清晰地發音；明確有力地表達
239	artificial	人工的；人造的
240	ascend	登高；上升
241	assemble	集合；召集
242	assert	斷言；聲稱
243	assess	對⋯⋯進行估價；評價
244	assign	分配；分派
245	assignment	任務；工作
246	assimilate	被吸收；被消化
247	assist	幫助；協助
248	assistance	援助；幫助
249	associate	夥伴；同事夥伴的；共事的
250	association	協會；公會；聯盟
251	assume	以為；假定為
252	assurance	保證
253	assure	向⋯⋯保證；擔保
254	astonish	使吃驚；使驚訝
255	at	在⋯地點；在⋯時刻
256	ATM	自動存提款機 (= Automatic Teller Machine)
257	attach	附屬；附加
258	attachment	附屬物；附件
259	attain	達到；獲得成就，造詣
260	attempt	企圖；嘗試試圖；企圖
261	attend	出席；參加
262	attendance	到場；出席
263	attention	注意力；專心
264	attest	證實；證明
265	attorney	律師
266	attract	吸引；引起
267	attribute	把⋯歸因於；把⋯歸咎於
268	auction	拍賣拍賣
269	audience	聽眾；觀眾
270	audit	審計；查帳審計；查帳
271	auditory	耳朵的；聽覺的聽眾；禮堂
272	author	作者；作家
273	automatic	自動的；習慣性的
274	available	可用的；可利用的
275	avenue	大街；大道
276	average	平均；中等普通的；中等的平均分配；平均達到
277	avert	避開；移開
278	avoid	避開；躲開
279	avoidance	逃避；迴避
280	await	等候；期待
281	awareness	察覺；覺悟
282	bachelor	單身漢；學士
283	back	背部；後部倒退；後退向後；後退地後面的；後部的
284	backache	背痛；腰痛
285	backbone	脊骨；脊柱
286	backbreaking	非常辛勞的
287	backfire	引擎的逆火事與願違
288	background	背景；遠因
289	backlash	反衝；強烈反對；後座力
290	backlog	存貨；儲備金
291	backpack	登山、遠足用的背包
292	back-to-back	背靠背
293	backup	備用；備用物備用的備份
294	backward	向後的；反向的向後；倒
295	backyard	後院
296	bacteria	細菌
297	bad	壞的；不好的很；非常
298	badge	徽章；紀念章
299	badly	壞地；拙劣地
300	bad-tempered	情緒惡劣的；易怒的
301	baffle	使受挫折；阻撓困惑；障礙
302	baffling	令人困惑的；難對付的
303	bag	袋；提袋
304	baggage	行李
305	bail	保釋保釋；保釋金
306	bailout	跳傘；緊急（財政）援助
307	bait	餌；引誘物引誘；誘惑
308	bake	烘；烤；烘培
309	baker	麵包師：糕點師
310	bakery	麵包店；糕點店
311	balance	平衡；均衡使平衡
312	balcony	陽臺；露臺
313	bald	禿頭的；赤裸裸的
314	ball (party)	舞會
315	ballroom	跳舞的大廳
316	ban	禁止；禁令禁止；取締
317	band	帶；細繩；樂團
318	banish	流放；放逐
319	bank	銀行；堤；岸
320	bankbook	銀行存摺
321	bankcard	銀行信用卡
322	banker	銀行家
323	banking	銀行業務；銀行業
324	bankrupt	破產的使破產破產者
325	bankruptcy	破產；倒閉
326	banner	旗幟；橫幅
327	banquet	宴會；盛宴宴請
328	bar	棒；條；酒吧
329	bar code	條碼
330	barbecue	烤肉；燒烤烤肉；燒烤
331	bare	裸的；光禿禿的使赤裸；露出
332	barely	僅僅；勉強
333	bareness	赤裸；無遮蓋
334	bargain	協議；買賣討價還價
335	barren	不生育的；貧脊的瘠地；荒漠
336	barrier	障礙物；路障
337	bas	基；底；基部基本的；基礎的
338	baseline	基線；底線
339	basement	地下室；地下層
340	basic	基礎的；基本的基礎；基本原理
341	basically	在根本上
342	basis	基礎；根據
343	basket	籃；簍；筐
344	bat	球棒；球拍打；揮打
345	batch	一批生產量；一批
346	bath	浴缸；洗澡
347	bathe	浸入；浸洗
348	bathroom	浴室；化妝室
349	battery	電池；蓄電池
350	battle	搏鬥；奮爭戰鬥；戰役
351	bay	灣
352	be	是；等於正在⋯；在⋯
353	beach	海灘；海濱度假地
354	bearable	能耐的；忍得住的
355	bearer	持有人；挑夫；搬運工
356	bearing	舉止；體態；忍耐；忍受
357	beat	打；擊；敲敲打；敲擊聲筋疲力盡的；垂頭喪氣的
358	beaten	挨打的；被打敗的；筋疲力盡的
359	beautiful	漂亮的；出色的
360	beautify	使更加美麗；美化
361	beauty	美麗；美的事物
362	because	因為
363	become	變成；成為
364	becoming	合適的；適宜的形成；發生
365	bed	床；睡眠處睡；臥
366	bed and breakfast	夜宿兼次日早餐（縮寫為 B&B）
367	bedside	床邊；床側床旁的；臨床的
368	bedtime	就寢時間適於睡前的
369	begin	開始；著手
370	beginner	初學者；新手
371	beginning	開始；起始
372	behalf	代表；利益
373	behave	表現；行為舉止
374	behavior	行為；舉止
375	behavioral	行為的
376	behind	在背後在⋯⋯的後面背後
377	beholder	觀看者；旁觀者
378	beige	米色的米黃色
379	being	存在；生存
380	belated	誤期的；過時的
381	belief	相信；信任
382	believe	相信；信任
383	believer	信徒；信教者
384	bell	鐘；鈴鳴鐘
385	belly	腹；腹部鼓起；脹滿
386	belong	屬於；合適
387	belongings	財產；攜帶物品
388	beloved	心愛的；親愛的
389	below	在下面；到下面在⋯下面
390	belt	腰帶；皮帶用皮帶抽打；用帶捆住
391	bench	長凳；長椅
392	benchmark	水準點；基準
393	bend	彎曲；轉彎彎曲；轉彎處
394	beneath	在下；向下在⋯之下；向⋯下面
395	benefactor	捐助人；施主
396	beneficial	有益的；有利的
397	benefit	得益；受惠利益；好處
398	benignl	仁慈的；親切的
399	bent	彎曲的；決心的愛好；傾向
400	beside	在⋯旁；在旁邊
401	besides	此外；而且在⋯之外
402	bet	打賭打賭
403	betray	背叛；出賣
404	betrayal	背叛；密告
405	better	較佳的；更好的改善；改進
406	between	在中間；兩者之間在⋯之間
407	beverage	飲料
408	beware	注意；提防
409	beyond	在更遠處；往更遠處向⋯的那一邊；越過
410	bias	成見；偏心
411	bicycle	腳踏車；自行車
412	bid	命令；吩咐；出價
413	bidder	出價人；投標人
414	bilingual	雙語的
415	bill	帳單；票據；議案
416	billboard	廣告牌
417	billion	十億
418	bin	箱子；容器
419	bind	捆；綁
420	binding	裝訂；封皮黏合的；有約束力的
421	biological	生物的；生物學的
422	biology	生物學
423	birth	出生；誕生
424	birthday	生日
425	bit	小片；小塊；位元
426	bite	咬；啃
427	bitter	苦的；痛苦的
428	bizarre	奇異的；不尋常的；奇怪的
429	blame	責備；指責
430	bland	溫和的；淡而無味的
431	blank	空的；無內容的空白；空白處使模糊；刪去
432	blanket	毛毯；毯子
433	bleak	荒涼的；無遮蔽的
434	bleed	出血；流血
435	blend	使混雜；使交融混雜；交融
436	blender	攪拌機；混合器
437	blind	盲的；視而不見的；不願承認的
438	block	街區；障礙阻塞；堵住；封鎖
439	blockage	封鎖；妨礙
440	blood	血；血液
441	bloom	開花；開花期繁榮；興盛
442	blossom	開花；開花期開花；生長茂盛
443	blow	吹；吹奏
444	blunder	犯大錯；出漏子大錯
445	blur	使模糊不清；使朦朧模糊
446	board	木板；委員會；理事會
447	boardroom	會議室
448	boast	自吹自擂；誇耀
449	boat	小船
450	body	身體；肉體
451	boil	沸騰；烹煮
452	bold	無畏的；大膽的
453	bomb	炸彈；失敗轟炸；轟擊
454	bombard	砲擊；轟炸
455	bond	聯結；聯繫
456	bone	骨；骨頭
457	bonus	紅利；獎金
458	book	書；書籍
459	booklet	小冊子
460	bookshelf	書架；書櫃
461	bookstore	書店
462	boom	激增；繁榮迅速發展；興旺
463	boost	推動；幫助推動；促進
464	boot	靴子
465	booth	攤販；小隔間
466	border	邊緣；邊境毗鄰，接界
467	borderline	邊界；界線
468	boring	令人生厭的；乏味的
469	borrow	借用；借
470	boss	老闆；上司
471	bother	煩擾；打攪
472	bothersome	令人討厭的；麻煩的
473	bottle	瓶子
474	bottom	底部；下端
475	boulevard	大道
476	bounce	彈起；彈回
477	bound	跳躍；跳起
478	boundary	邊界；分界線
479	bow	弓
480	bowl	保齡球投：滾
481	box	箱；盒；匣
482	box office	售票處；票房
483	boycott	杯葛；聯合抵制杯葛；聯合抵制
484	brace	支柱；支撐物支撐；加固
485	bracket	托架；撐架
486	brain	智力，頭腦
487	brainstorm	集體研討；集思廣益
488	brake	煞車煞車
489	branch	樹枝；支流；分部；部門
490	brand	品牌；商標
491	brand-new	全新的；嶄新的
492	brave	勇敢的：英勇的
493	bravely	勇敢地：英勇地
494	bravo	喝采聲
495	breach	破壞，違反破壞，違反
496	bread	麵包
497	breadth	寬度；幅度
498	break	打破；折斷破損；休息；機會
499	breakable	會破的；脆的
500	breakdown	故障；損壞
501	breakfast	早餐
502	breakout	包圍突破
503	breakthrough	突破性進展；突破
504	breakup	中斷；中止
505	breathe	呼吸；呼氣
506	breathless	呼吸困難的；扣人心弦的
507	breathtaking	驚人的；令人屏息的
508	breeze	微風；和風
509	brick	磚；磚塊
510	bride	新娘
511	bridge	橋：橋墩
512	brief	簡短的；短暫的
513	briefcase	公事包
514	briefly	簡短地；短暫地
515	bright	發亮的；晴朗的
516	brighten	使明亮；使閃亮
517	brilliant	光輝的；明亮的
518	brisk	活潑的；生氣勃勃的
519	brittle	易碎的；敏感的；難相處的
520	broadcast	廣播；播送
521	brochure	小冊子
522	broker	代理人，中間人
523	brokered	以中間人等身分安排⋯⋯
524	browse	瀏覽；觀看
525	browser	瀏覽器
526	bruise	傷痕；青腫使受瘀傷，使青腫
527	brush	刷；刷洗刷子
528	brush-off	拒絕；不理睬
529	bruta	冷酷的；野蠻的
530	brutally	冷酷地；野蠻地
531	bubble	泡泡沸騰；冒泡
532	bucket	水桶；提桶
533	buckle	釦子；搭鉤扣住；扣緊
534	budge	微微移動；讓步
535	budget	預算；經費
536	build	建造；建立體格；體型
537	building	建築物；大樓
538	bulk	體積；容積大量的；大批的
539	business	商業；職業
540	businessman	商人
541	busy	忙碌的
542	button	鈕扣；按鈕
543	buy	買；購買
544	buyer	買主；買家
545	cab	計程車
546	cabin	客艙；駕駛艙
547	cabine	櫥；櫃
548	cable	纜；索
549	café	咖啡廳
550	cafeteria	自助餐廳
551	caffeine	咖啡因
552	calcium	鈣
553	calculate	計算；算
554	calculation	計算；估計
555	calculator	計算機
556	calendar	日曆
557	caliber	口徑；水準，程度
558	call	叫喊；呼叫呼叫；通話
559	caller	訪問者；探望者
560	calling	呼喊；召喚
561	calm	鎮靜的；沉著的使鎮定；使平靜
562	camera	照相機
563	camp	營地；帳篷紮營；宿營
564	campaign	競選；活動
565	campus	校園；校區
566	cancel	取消；廢除；中止
567	cancellation	取消
568	candid	公正的，公平的
569	candidate	候選人；候補者
570	capability	能力；才能
571	capable	有能力的；能幹的
572	capacity	容量；容積
573	capital	首都；資本
574	capitalization	資本化；資本額
575	capitalize	利用；供給（資本）
576	capture	捕獲；俘虜捕獲；俘虜
577	care	在乎：關心
578	career	職業；工作
579	careful	小心翼翼的；仔細的
580	carefully	小心翼翼地；仔細地
581	cargo	貨物
582	carpet	地毯
583	carrier	運送人；搬運人
584	carry	運載；搬運；支撐
585	carry out	實行；執行
586	cart	小車，手推車
587	carton	紙盒；紙板箱
588	case	盒；套
589	cash	現金；現款把⋯⋯兌現
590	cast	投；擲；拋投；班底；演員
591	catalog	目錄；目錄冊
592	categorize	將⋯分類
593	category	種類；部屬；類目
594	cater	提供飲食；承辦宴席
595	catering	承辦酒席；提供飲食及服務
596	cause	原因；起因導致；使發生
597	caution	小心；謹慎
598	cautious	十分小心的；謹慎的
599	central	中心的；中央的
600	century	世紀；一百年
601	ceremony	儀式；典禮
602	certain	確鑿的；無疑的
603	certainly	無疑地；必定
604	certificate	證明書；執照
605	certify	證明，證實
606	chain	鏈條；連鎖；連續
607	challenge	挑戰；提出異議
608	change	改變；更改變化；變更；零錢
609	changeable	易變的；不定的
610	chapter	篇章；篇
611	character	角色；性格；特性
612	characteristic	特有的；獨特的
613	characterize	具有⋯⋯的特徵；以⋯⋯為特徵
614	charge	控告；索價
615	chart	圖表；曲線圖
616	check	（美）檢查；支票；帳單
617	chef	廚師
618	cheque	（英）支票
619	choice	選擇；挑選
620	choose	選擇；挑選
621	chore	例行工作；家務活
622	circle	圓形的東西；圈畫圓圈；圈出；圍著
623	circumspect	慎重的；謹慎小心的
624	circumstance	情況；環境；情勢
625	circumvent	規避；防止⋯⋯發生
626	citation	引用；引證
627	citizen	市民；居民
628	citizenship	公民權；公民身分
629	city	城市；都市
630	civic	城市的；市民的
631	claim	主張；斷言；聲稱
632	clarify	澄清；闡明
633	clause	條款；款
634	clear	明亮的；顯然的清除；收拾
635	clearance	清除；清掃
636	clearly	顯然地；無疑地；明亮地
637	clerk	辦事員；職員
638	client	委託人；客戶
639	climate	氣候
640	climb	爬；攀爬
641	clip	剪；修剪剪；修剪
642	clock	時鐘
643	coach	教練訓練；指導
644	cognition	認知；知識
645	coherent	一致的；協調的
646	cohesive	凝聚性的；有結合力的
647	coin	硬幣
648	coincidence	巧合；符合
649	collaborate	合作；勾結
650	collaboration	合作；勾結
651	collateral	並行的；附屬的擔保品；抵押品
652	colleague	同事；同僚
653	collect	收集；採集
654	collectible	可收集的
655	collection	採集；收取
656	college	大學；學院
657	collide	碰撞；相撞
658	combination	結合；聯合
659	combine	結合；聯合
660	come	來；來到
661	come across	碰見；被理解
662	comfort	安慰；慰問安逸；舒適
663	comfortable	舒適的；舒服的
664	comforting	令人欣慰的
665	command	指揮；控制
666	comment	註釋；評論下評論
667	commentary	評論
668	commerce	商業；貿易
669	commercial	商業的；商務的廣告
670	commission	佣金；委任委任；委託
671	commit	犯（罪）；做（錯事等）
672	commitment	託付；交託
673	committed	忠誠的，堅定的
674	commodity	商品；日用品
675	common	普通的；常見的
676	communication	溝通；交流
677	commute	通勤；替代；代償
678	commuter	通勤者
679	company	陪伴；公司
680	comparatively	對比地；比較地
681	compare	比較；對照
682	comparison	比較；對照
683	compatible	能共處的；可並立的
684	compel	強迫；強求
685	compensate	補償；賠償
686	compensation	補償；賠償
687	compete	對抗；競爭
688	competent	有能力的；能勝任的
689	competition	比賽；競賽
690	competitive	競爭性的；好競爭的
691	competitor	競爭者；對手
692	complain	抱怨
693	complaint	抱怨
694	complete	競爭；比賽
695	completion	完成；結束
696	complex	複雜的；錯綜複雜的複合物；綜合體
697	compliant	順從的；應允的
698	complicate	使複雜化；使費解
699	complicated	複雜的；難懂的
700	compliment	稱讚：讚美稱讚：讚美
701	comply	依從；順從
702	component	構成要素；零件組成的；構成的
703	compose	作（詩，曲等）；使安定
704	composition	寫作；作曲
705	composure	平靜；鎮靜
706	comprehend	理解；了解
707	comprehensive	廣泛的；無所不包的
708	comprise	包含；包括
709	compromise	妥協；和解妥協；和解
710	compute	計算；估算
711	conceal	隱藏；隱瞞
712	conceive	想像；設想
713	concentrate	集中；聚集；全神貫注
714	concept	概念；觀念
715	concern	關於；涉及關心的事；關係
716	concerning	關於
717	conclude	結束；推斷出
718	conclusion	結論
719	concrete	有形的；實在的混凝土凝結；固結
720	concur	同意；一致
721	condition	情況；狀況
722	conduct	帶領；實施
723	conference	會議
724	confident	有自信的；確信的
725	confidential	祕密的；機密的
726	confirm	證實；確定
727	confirmation	確定；確證
728	confuse	使困惑；混淆
729	confusion	混亂；騷動
730	conscious	神志清醒的；有知覺的
731	consciously	有意識地；自覺地
732	consciousness	意念；意識
733	consecutive	連續不斷的；連貫的
734	consequently	結果；因此；必然地
735	conservative	保守的；守舊的保守者；守舊者
736	conserve	保存；保護
737	consider	考慮；細想
738	consideration	體貼；動機；原因
739	considering	就⋯⋯而論；考慮到各方面考慮起來
740	consist	組成；構成
741	consistency	一致；一貫
742	consistent	始終如一的；前後一致的
743	consistently	一貫地；固守地
744	constant	固定的；不變的
745	constrain	強迫；迫使
746	constraint	約束；限制
747	construction	建造；建設
748	consultancy	諮詢公司；顧問公司
749	consultant	顧問；諮詢者
750	consume	消耗；花費
751	consumer	消費者
752	consumption	消費
753	contact	接觸；交往；聯繫接觸的；接觸傳染的
754	contain	包含；容納
755	contemporary	當代的；同時代的
756	content	滿足滿足的；滿意的滿足
757	contest	競爭；角逐比賽
758	context	來龍去脈；背景
759	continue	繼續；持續
760	continuity	連續性；持續性
761	continuous	連續的；不斷的
762	contract	合約締結；承包
763	contractor	立契約者；承包人
764	contrary	相反的；對立的相反地；反對地
765	control	控制；支配支配；控制
766	controlling	管理的；控制的
767	convenience	便利；方便
768	convenient	便利的： 方便的
769	convention	會議；大會；集合
770	conventional	習慣的；慣例的
771	conversation	會話；對話
772	convey	告知；傳達
773	conviction	定罪；確信
774	convince	說服
775	cooperation	合作；協力
776	coordinate	協調；調節
777	cope	應付；處理
778	copy	抄寫；複製抄寫；副本
779	cordially	熱誠地；誠摯地
780	corner	角落
781	corporate	全體的；共同的企業；集團
782	correct	正確的；對的改正；糾正
783	corrupt	腐敗的，貪汙的墮落；腐化
784	corruption	墮落；腐化
785	cost	花費；付出費用；成本
786	council	會議；議事
787	counsel	商議；審議勸告；忠告
788	counter	反方向地，相反地相反的反對；反擊
789	couple	情侶；夫妻
790	coupon	贈券；減價優待券
791	courier	信差；導遊；情報員
792	course	路線；方向；課程；系列
793	court	法庭；法院
794	courteously	有禮貌地；親切地
795	courtesy	禮貌；殷勤
796	cover	遮蓋；覆蓋遮蓋物；封面
797	coverage	覆蓋；覆蓋範圍
798	crack	裂縫；裂痕裂開；爆裂
799	craft	工藝，手藝精巧地製作
800	crafted	製作的；工藝的
801	crane	鶴伸著脖子看
802	crash	碰撞；倒下墜毀，迫降
803	create	創造；製作
804	creation	作品；製作物
805	creative	有創意的：創新的
806	creativity	創意；創造力
807	creature	生物；動物
808	credential	憑據；證書
809	credible	可信的；可靠的
810	credit	賒帳；信譽；功勞相信；把⋯⋯歸於
811	creditor	債權人；貸方
812	crew	工作人員；船員
813	crime	犯罪；罪刑
814	criminal	罪犯犯罪的；犯法的
815	crisis	困難；危及
816	criterion	標準；準則
817	critic	評論家
818	critical	批判的；評論的
819	criticize	批判；評論
820	crop	作物：莊稼播種
821	cross	橫穿；渡過十字形；十字架
822	crowd	群眾；觀眾
823	crowded	擁擠的；滿的
824	crucial	重要的；嚴酷的
825	cruise	巡航；航遊巡航；航遊
826	cuisine	烹飪；烹調法；菜餚
827	cupboard	食櫥；碗櫃
828	cure	治療；痊癒治癒
829	curious	好奇的
830	currency	通貨；貨幣
831	current	現時的；當前的流動；水流
832	cushion	墊子；坐墊
833	custom	習俗；慣例訂做的；訂製的
834	customer	顧客；買主
835	customize	訂做；客製化
836	customs	關稅；海關
837	cutback	減少；剪修新芽
838	cycle	週期；循環循環；輪轉
839	daily	每日的；日常的
840	damage	損害；損失損害；毀壞
841	danger	危急；危險
842	dangerous	危險的
843	dare	敢；竟敢敢；膽敢果敢行為；挑戰
844	daring	大膽的；勇敢的
845	data	資料；數據
846	database	資料庫
847	dawn	黎明，拂曉破曉；（天）剛亮
848	day	一天；日；白天
849	daylight	日光；白晝
850	date	日期；日子註有日期
851	daytime	白天；白晝
852	dazzle	使目眩；使眼花耀眼；燦爛
853	deadline	截止期限；最後限期
854	deal	經營；交易交易
855	dealer	業者；商人
856	dealing	行為；商業往來
857	dean	教務長；學院院長
858	dear	親愛的；摯愛的
859	debatable	可爭辯的；可爭論的
860	debate	辯論；爭論辯論
861	debit	借方把⋯⋯記入借方
862	debt	債務；借款
863	debut	首次露面；初次登臺
864	decade	十；十年
865	decease	亡故死亡
866	deceit	欺騙；欺詐
867	deceitful	騙人的；欺詐的
868	deceive	欺騙；蒙蔽
869	decelerate	減緩；降低速度
870	deceleration	減速
871	decent	正派的；合乎禮儀的
872	decide	決定；決意
873	decipher	破解（密碼等）；解釋（古代文字等）
874	decision	決心；判斷
875	decisive	決定性的；決定的
876	deck	艙面；甲板
877	declaration	宣告；宣言
878	declare	宣告；聲明
879	decline	下降；下跌下降；減少
880	decode	譯解（密碼）
881	decrease	減；減少
882	dedicate	奉獻；獻身
883	dedication	奉獻；供奉
884	deduce	演繹；推論
885	deduct	扣除；減除
886	deduction	扣除；減除
887	deem	認為；以為
888	deep	深的深深地深處
889	deepen	使變深；使加深；使強烈
890	default	違約；拖欠；預設不履行；拖欠
891	defeat	戰勝；擊敗戰敗；挫折
892	defect	缺點；缺陷逃跑；脫離
893	defend	防衛；保護
894	defense	防衛；保護
895	defensive	防衛的；保衛的
896	deficiency	不足；缺乏
897	definite	明確的；確切的
898	deflate	抽出⋯⋯中的氣
899	deflect	使偏斜；使轉向
900	defy	公然反抗；蔑視
901	degree	度，度數；程度
902	delay	拖延；耽擱延遲；耽擱
903	delegate	委派⋯⋯為代表；委派（某人）做
904	deliberate	深思熟慮的；慎重的仔細考慮；思考
905	deliberately	慎重地；謹慎地
906	delicacy	精美；佳餚
907	delicate	易碎的；嬌貴的；纖弱的
908	delicious	美味的；香噴噴的
909	delight	欣喜；愉快高興；喜愛
910	deliver	投遞；傳送
911	delivery	投遞；傳送
912	delusion	迷惑；欺騙
913	demand	要求，請求要求；請求
914	demise	死亡；終止轉讓；遺贈
915	demographics	人口統計資料
916	demolish	毀壞；破壞
917	demonstrate	論證；證明；示威
918	demonstration	論證；證明
919	denial	否認；否定
920	dense	密集的，稠密的
921	density	密集度；稠密度
922	deny	否定，否認
923	depart	起程，出發
924	department	部；司；局；處；科
925	departmental	部門的；分部的
926	departure	離開；出發
927	depend	相信；信賴
928	dependency	依靠；信賴
929	dependent	依靠的；依賴的
930	depict	描述；描寫
931	deposit	放置；寄存存款
932	depression	沮喪；意氣消沉
933	describe	描繪；敘述
934	description	敘述；形容
935	deserve	應受；該得
936	design	設計構思；繪製圖樣；圖紙
937	despite	不管；儘管惡意；怨恨
938	destination	目的地；終點
939	destroy	毀壞；破壞
940	destruction	毀壞；破壞
941	detail	細節；詳情詳述；詳細說明
942	detailed	詳細的；精細的
943	detect	探測；察覺
944	determine	決定；下決心
945	develop	開發：發展
946	developer	開發者
947	development	進化；發展
948	device	設備；機器
949	devise	設計；發明
950	dial	撥打；撥
951	diary	日記；日誌
952	dictate	口授；口述
953	diet	飲食；食物節食
954	dietician	營養學家
955	difference	差別；差異
956	different	不同的；有差異的
957	difficult	困難的；艱難的
958	difficulty	困難；困境
959	digital	數位的
960	dignity	尊嚴；自尊
961	diligent	勤勉的，勤奮的
962	direct	指向；針對徑直的；筆直的
963	directly	直接地；筆直地
964	director	導演；主管；署長
965	directory	工商名錄；號碼簿指導的；諮詢的
966	disagree	不一致；不符
967	disappear	消失；離開
968	discard	拋棄；摒棄
969	discern	分辨；識別
970	discipline	紀律；風紀
971	disclaimer	放棄；拒絕
972	discount	折扣打折扣
973	discourage	使洩氣；使沮喪
974	discouraged	灰心的；沮喪的
975	discouragement	沮喪；氣餒
976	discover	發現；探索
977	discuss	討論；交流
978	discussion	討論；交流
979	disease	病，疾病使生病；使不健全
980	disembark	登陸；上岸
981	dismal	憂鬱的；沉悶的沮喪；抑鬱
982	dismiss	讓⋯離開；把⋯打發走
983	dispense	分配，分發免除；省掉
984	display	陳列；展出展覽；陳列
985	disposal	處理；處置
986	dispose	配置，布置
987	dispute	爭論；爭執爭論；爭執
988	disrupt	使分裂；使瓦解破裂的；中斷的
989	dissipate	使消散；消除
990	distinctive	有特色的；特殊的
991	distinguish	區別；識別
992	distract	轉移；分散
993	distributor	分配者；批發商
994	disturb	打擾
995	diverse	不同的；多元的
996	diversification	多樣化
997	diversity	差異；不同點
998	divert	轉向；轉移
999	divide	分；劃分分歧；不和
1000	division	分開；分割
1001	doctor	醫生
1002	document	公文；文件
1003	documentation	文件；憑證
1004	domestic	家庭的；國內的
1005	dominate	支配；統治
1006	donate	捐獻；捐款
1007	donation	捐獻；捐款
1008	dot	點，小圓點打點；加點
1009	dotted	有點子的；星羅棋布的
1010	doubt	懷疑；揣測
1011	download	下載
1012	downsize	裁減
1013	downsizing	縮減開支
1014	downtown	商業區，鬧區
1015	downward	向下的；下降的向下；日趨沒落地
1016	draft	草稿；手稿
1017	drama	戲劇；劇本
1018	drastic	激烈的；猛烈的
1019	drastically	大大地；徹底地
1020	draw	繪製；描寫；拉平局；抽籤
1021	drawer	抽屜
1022	dress code	穿衣法則；著裝標準
1023	drift	漂流；漂
1024	drive	駕駛；開車
1025	drug	藥物；藥
1026	due	應支付的；到期的應付款；稅金
1027	duplicate	複製品；副本完全一樣的；複製的
1028	durable	經久的，耐用的；持久的
1029	duration	持久；持續期間
1030	during	在⋯的整個期間
1031	duty	職務；勤務
1032	dynamic	動力的；充滿活力的
1033	each pron 各個;每個	各；每
1034	eager	熱心的；熱切的
1035	earn	掙得；博得
1036	earnings	收入；薪資
1037	ease	減輕，緩和舒適；悠閒
1038	east	東方；東
1039	easy	簡單的；輕易的
1040	eco-friendly	對環境友善的
1041	economical	經濟的；節儉的
1042	economize	節約；節省
1043	economy	節約；經濟廉價的；經濟的
1044	edge	稜；邊緣使漸進；徐徐地移動
1045	edit	編輯；校訂
1046	editor	編輯
1047	editorial	社論編輯的
1048	education	教育
1049	effect	造成；產生效果；效力
1050	effective	有效的；生效的
1051	efficiencyn	效率；效能；功效
1052	efficient	效率高的；有能力的
1053	effort	努力；盡力
1054	either	任一的 pron （兩者之中）任何一個
1055	eject	逐出；轟出
1056	elaborate	精心製作；詳盡闡述
1057	elder	年長的
1058	elect	選舉；推選
1059	election	選舉；推選
1060	electric	電的；導電的
1061	electrician	電工；電氣技師
1062	electricity	電力
1063	electronic	電子的；電子操縱的
1064	elegance	優雅
1065	elegant	優雅的
1066	element	元素；構成
1067	elemental	基本的；原始的
1068	elementary	基本的；初級的
1069	elevate	舉起；抬起
1070	elevation	提高；提升
1071	elevator	電梯
1072	eligible	有資格當選的；法律上合格的
1073	eliminate	排除；消滅
1074	elimination	排除；消滅
1075	elite	精華；菁英
1076	else	其他；另外
1077	elsewhere	在別處；往別處
1078	embark	從事；著手
1079	embrace	擁抱；包括
1080	emerge	浮現；出現
1081	emergency	緊急情況；突然事件
1082	emit	散發；放射
1083	emotion	情感；情緒
1084	empathy	同感
1085	emphasis	強調；重視
1086	emphasize	強調；重視
1087	employ	僱用；使用
1088	employee	員工
1089	employer	雇主
1090	employment	僱用；受僱
1091	emulate	同⋯競爭；盡力趕上
1092	enable	使能夠；賦予⋯能力
1093	enclose	圍住；圈起
1094	enclosure	圍住；封入
1095	encounter	遭遇；衝突遭遇；遇到
1096	encourage	鼓勵；鼓舞
1097	encouragement	鼓勵；鼓舞
1098	endanger	危及；使遭到危險
1099	endeavor	努力；力圖努力；盡力
1100	endorsement	背書；贊同
1101	endure	忍耐；忍受
1102	energetic	精力旺盛的；- 精神飽滿的
1103	energy	活力；幹勁
1104	enforce	實施；執行
1105	engage	吸引；佔用
1106	engagement	訂婚；婚約
1107	engine	引擎
1108	engineer	工程師
1109	enhance	提高；升高
1110	enlarge	擴大；擴展
1111	enlargement	擴大；擴展
1112	enlist	從軍；入伍
1113	enrich	使富裕；使豐富
1114	enrichment	致富；豐富
1115	enroll	記入名冊；被登記
1116	ensure	保證；擔保
1117	enterprise	企業；公司
1118	entertain	娛樂；款待
1119	entertainer	請客者；表演者
1120	entertainment	演藝；餘興
1121	enthusiasm	熱忱
1122	enthusiastic	熱忱的；熱血的
1123	entire	全部的；整個的全部；整體
1124	entirel	全部地；整個地
1125	entitle	給⋯權力（或資格）
1126	entitled	給予權利；使有資格
1127	entrance	入口；門口
1128	entrust	信託；委託
1129	entry	入場；參加
1130	environment	環境
1131	environmental	環境的
1132	envision	想像；展望
1133	equal	平等的；均等的
1134	equality	平等；相等
1135	equip	裝備；配備
1136	equipment	裝備；配備
1137	equity	公平；公正
1138	equivalent	相等的；相同的
1139	error	錯誤；失誤
1140	escort	護送；陪同護衛隊；護航隊
1141	especially	特別；尤其
1142	essay	論文；散文
1143	essence	本質；實質
1144	essential	必要的；不可缺的
1145	establish	建立；設立
1146	establishment	建立；設立
1147	estate	財產；資產
1148	esteem	尊重；尊敬尊重；尊敬
1149	estimate	估算；估量
1150	eternal	永恆的；永久的
1151	ethic	倫理；道德
1152	ethical	倫理的；道德的
1153	ethics	倫理學；道德學
1154	evade	躲避；逃避
1155	evaluate	估價；評價
1156	evaluation	估價；評價
1157	evasive	逃避的；託辭的
1158	even	平的；平坦的甚至；連使平坦
1159	event	事件；大事
1160	eventual	最終的；最後的
1161	evidence	證據；證詞
1162	evident	明顯的；明白的
1163	evoke	喚起；引起
1164	evolve	逐步形成；發展
1165	exact	正確的；精準的
1166	exaggerate	誇大；誇張
1167	exaggeration	誇大： 誇張
1168	exam	考試；測驗
1169	examination	考試；測驗
1170	examine	檢驗；測試
1171	examiner	主考人；檢查人
1172	example	範例；示範
1173	exceed	超過；勝過
1174	excel	勝過；優於
1175	excellent	出色的；傑出的
1176	except	除⋯⋯之外除了把⋯⋯除外
1177	exception	例外；例外的人
1178	excess	超越，超過過量的；額外的
1179	exchange	交換；調換交換；調換
1180	excite	刺激；使興奮
1181	exclude	排除在外；不包括
1182	exclusion	排斥；排除在外
1183	exclusive	排外的；除外的
1184	exclusively	專門地；專有地
1185	execute	實施；處死
1186	executive	執行的；實施的執行者；行政官
1187	exert	運用；行使
1188	exhibit	展示，陳列展示品；陳列品
1189	exhibition	展覽；展示
1190	exist	存在；生存
1191	existence	存在；實在
1192	exit	出口；通道出去；離去
1193	expand	展開；張開
1194	expansion	擴展；擴張
1195	expect	期待；預期
1196	expectation	期待；預期
1197	expedite	迅速執行；促進
1198	expel	驅逐；趕走
1199	expenditure	消費；支出
1200	expense	費用；價錢
1201	expensive	高價的；昂貴的
1202	experience	經驗；經歷
1203	experiment	實驗；試驗進行實驗；試驗
1204	expert	專家；能手熟練的；老練的
1205	expertise	專門知識；專長
1206	expiration	終結；期滿
1207	expire	屆期；終止
1208	explain	解釋；說明
1209	explanation	解釋；說明
1210	explode	爆發；爆炸
1211	explore	探險；挖掘
1212	explorer	探險者
1213	explosion	爆發；爆炸
1214	export	輸出；出品
1215	expose	使暴露於；使接觸到
1216	exposure	暴露；揭露
1217	express	表達，陳述快遞的快遞；快運
1218	expression	表達；表示
1219	extend	延長，延伸
1220	extension	伸展；伸長
1221	extensive	廣大的；廣闊的
1222	extent	廣度；程度
1223	extra	額外的
1224	extract	抽出（物）；採掘
1225	extraordinary	異常的；特別的
1226	fabric	布料；織布
1227	fabricate	製造；偽造
1228	face	臉；面孔面向；正對
1229	facial	臉的；面部的
1230	facilitate	促進；幫助
1231	facilitator	促進者；便利措施
1232	facility	設施；配備
1233	facto	因素；成因
1234	factory	工廠
1235	fail	失敗；不及格失敗；不及格
1236	failure	失敗；挫敗
1237	fair	公平的公平地；公正地集市
1238	fairly	公平地；公正地
1239	faith	信念；信任
1240	faithful	忠實的；忠誠的
1241	falter	蹣跚；踉蹌動搖；猶豫
1242	familiar	眾所周知的；熟悉的
1243	familiarity	熟悉；通曉
1244	familiarize	使熟悉；使親近
1245	fare	票價過活；遭遇
1246	farewell	告別；告別辭
1247	farm	農場
1248	fascinate	迷住；使神魂顛倒
1249	fascination	魅力；陶醉
1250	fashion	時尚
1251	fashionable	流行的；時尚的
1252	fast	快速的；迅速的
1253	fasten	紮牢；繫緊
1254	fatal	命運的；決定命運的
1255	fate	命運；天命命定；注定
1256	father-in-law	岳父
1257	fatigue	疲勞；勞累疲勞
1258	fault	錯誤；失誤
1259	faulty	有缺點的；不完美的
1260	favor	幫助；善意的行為支持；擁護
1261	favorable	贊同的；稱讚的
1262	favorite	喜愛的；喜歡的
1263	fax	傳真
1264	fear	恐懼；害怕害怕；畏懼
1265	feasibility	可行性；可能性
1266	feasible	可行的；可實行的
1267	feast	盛宴；筵席
1268	feat	功績；業績
1269	feature	特徵；特色以⋯⋯為特色；是⋯⋯的特色
1270	federal	國家的；聯邦的
1271	fee	酬金；服務費付費
1272	feed	飼料；牧草餵；飼養
1273	feedback	回饋
1274	fellow	同伴的；同事的傢伙；人
1275	fellowship	夥伴關係；交情
1276	female	女性女性的
1277	feminine	女性的；婦女的
1278	ferry	渡過；運送擺渡；渡輪
1279	fertility	肥沃；豐富
1280	fertilize	使肥沃；施肥
1281	fertilizer	肥料
1282	festival	節日節日的
1283	fetch	拿來；拿給
1284	fever	發燒，發熱發燒；高度興奮
1285	fiber	纖維；纖維製品
1286	fiction	小說；虛構
1287	field	原野；田地
1288	fierce	兇猛的；殘酷的；好鬥的
1289	fight	戰鬥；打鬥戰鬥；打鬥
1290	figure	外形；體形計算；認為
1291	file	文件夾歸檔提出
1292	fill	裝滿；填滿
1293	film	膠捲影片；影片
1294	filter	濾器過濾；濾除
1295	final	最後的；最終的決賽；期末考
1296	finalize	完成；結束
1297	finance	財政；金融
1298	financial	財政的；金融的
1299	finish	結束；完結
1300	finite	有限的
1301	fire drill	火災避難訓練；消防演習
1302	firm	穩固的；牢固的
1303	fiscal	財政的；金融的
1304	fit	合身；適合適合的；健康的
1305	fitnes	健康；適當
1306	fix	修理；修復
1307	fixation	固定；注視
1308	fixture	（房屋等的）固定裝置
1309	flaw	裂縫；缺點使破裂；使有缺陷
1310	flawed	有缺點的；錯誤的
1311	flawless	無瑕的；完美的
1312	flexibility	靈活性；彈性
1313	flight	班機；航班
1314	fluctuate	波動；變動
1315	fluctuation	波動；變動
1316	fluency	流暢
1317	fluent	流暢的；順暢的
1318	focus	焦點；焦距聚焦
1319	fold	折；折疊
1320	folder	資料夾
1321	forecast	預報；預測預報；預測
1322	foreign	外國的；陌生的
1323	foremost	最前的；最先的首先
1324	foresee	預見；預知
1325	form	形狀；外形形成；構成
1326	formal	正式的；禮節上的
1327	format	格式
1328	formatted	格式化了的
1329	formula	公式
1330	formulate	使公式化；用公式表示
1331	fortunate	幸運的；僥倖的
1332	fortunately	幸運地；僥倖地
1333	fortune	財產；好運
1334	forum	討論會；論壇
1335	forward	向前前面的轉交；發送
1336	foundation	建立；創辦；基金會
1337	founder	創辦人
1338	fraction	片段；碎片
1339	frame	架構；骨架建造；塑造
1340	framework	構造；機構
1341	franchise	特許經銷權；公民權
1342	franchisor	特許授予人
1343	frank	坦白的；直率的
1344	frankly	率直地；坦白地
1345	fraud	欺騙；詭計
1346	fraudulent	欺詐的；欺騙的
1347	free	自由的；免費的免費地；無約束地使自由；解放
1348	freedom	自由
1349	freight	貨物裝貨於；運輸
1350	frequency	頻率
1351	frequent	頻繁的
1352	frequently	頻繁地
1353	frighten	驚恐；害怕
1354	fuel	燃料加燃料；加油
1355	fueled	加燃料的
1356	fulfill	執行；履行
1357	fulfillment	履行；實現
1358	function	功能；作用工作；運行
1359	functioning	運作的
1360	fund	資金
1361	fundamental	基礎的；根本的基本原則
1362	funding	資金；基金
1363	fundraiser	資金籌集人
1364	furniture	傢俱；設備
1365	further	更遠的更遠地促進；助長
1366	gamble	賭博；打賭賭博；打賭
1367	gap	裂開缺口；隔閡
1368	garbage	垃圾
1369	garment	服裝；衣著
1370	gasoline	汽油
1371	gas	氣體；瓦斯
1372	gate	大門；柵欄門
1373	gatekeeper	看門人；守門員
1374	gather	收集；召集聚集；收穫量
1375	gathering	集會；聚集
1376	gear	工具；設備使適應；使適合
1377	gender	性別
1378	general	普通的；一般的
1379	generally	通常；一般地
1380	generate	產生；發生
1381	generation	世代；一代
1382	generosity	慷慨；大方
1383	generous	慷慨的
1384	genius	天才；天資
1385	gentle	紳士的
1386	gentleman	紳士
1387	genuine	真誠的；不造作的
1388	geographic	地理學的；地理的
1389	geography	地理；地理學
1390	germ	微生物；細菌
1391	gesture	姿勢；手勢
1392	getaway	逃走；起步
1393	giant	巨人巨人般的；巨大的
1394	gift	禮物；天賦
1395	gifted	有天資的；有天賦的
1396	gift-wrap	用包裝紙包裝
1397	glamor	魅力；魔力
1398	glance	掃視；瞥見
1399	glitch	小故障；失靈
1400	global	球狀的；全世界的
1401	globe	球狀物；地球
1402	gloom	黑暗；陰暗使暗；使陰沉
1403	glorify	讚美；美化
1404	glory	光榮；榮譽
1405	glossary	詞彙表；術語
1406	glove	手套
1407	glow	發光；發熱
1408	goodwill	善意；好心
1409	gorgeous	燦爛的；華麗的
1410	gossip	閒話；聊天閒聊
1411	govern	統治；管理
1412	government	政府
1413	grab	抓取；拾取
1414	grace	優雅
1415	graceful	優雅的
1416	grade	成績；等級
1417	gradual	逐漸的；逐步的
1418	gradually	逐漸地
1419	graduate	准予畢業；授與學位
1420	grand	雄偉的；堂皇的
1421	grant	同意；允許
1422	graph	圖表；圖解
1423	grasp	抓牢；握緊抓；握
1424	grateful	感激的；感謝的
1425	gratitude	感恩；感謝
1426	gratuity	賞錢；小費
1427	gravity	重力；引力
1428	greed	貪心
1429	greenhouse	溫室；暖房
1430	grin	露齒而笑；齜牙咧嘴
1431	grip	緊握；夾住
1432	grocer	食品雜貨商
1433	grocery	食品雜貨店
1434	groom	新郎打扮；穿戴
1435	gross	總的；顯著的總額；總量
1436	ground	地面；土地
1437	groundbreaking	開創性的
1438	grow	成長；生長
1439	growth	成長；發育
1440	guarantee	保證；保固保證；保固
1441	guard	哨兵；衛兵防範；警惕
1442	guardian	守護者；管理員
1443	guess	猜測；臆測
1444	guest	賓客；客人
1445	guidance	引領；帶領
1446	guide	引領；帶領響導；指導
1447	guidebook	旅行指南
1448	guideline	指導方針
1449	guilt	罪惡；過失
1450	guilty	有罪的；罪惡的
1451	gym	體育館：體操
1452	gymnasium	體育館；體操
1453	habit	嗜好；興趣
1454	habitat	棲息地；產地
1455	habitual	習慣的
1456	hack	劈；砍
1457	haircut	髮型；理髮
1458	hairdresser	美髮師
1459	half	一半一半的一半地
1460	halfway	中途的中途地
1461	hall	會堂；大廳
1462	hallmark	品質證明；戳記
1463	hallway	玄關；門廳
1464	halt	暫停；停止停止；終止
1465	handbag	手提包
1466	handbook	手冊；旅行指南
1467	handful	一把；一握
1468	handicap	障礙，殘障
1469	handle	操作；操縱
1470	handling	操作；管理
1471	handout	施捨物；傳單；印刷品
1472	handshake	握手
1473	harbor	港灣；海港庇護；藏匿
1474	hardly	幾乎不；簡直不
1475	hardware	器件；器具
1476	harm	傷害；危害傷害；危害
1477	harmful	有害的；不良的
1478	harmony	和睦；融洽
1479	harvest	收成；產量收成；產量
1480	hasty	匆忙的；急忙的
1481	hazard	危險；危害物冒險作出；嘗試
1482	hazardous	有危險的；冒險的
1483	headline	標題；大標題
1484	headquarter	總部
1485	heal	癒合；痊癒
1486	health	健康
1487	healthy	健康的；健全的
1488	hear	聽見；聽
1489	heat	熱度；熱烈變熱；發熱
1490	heater	加熱器；暖氣機
1491	heel	腳後跟
1492	height	高度；海拔
1493	helmet	帽盔；安全帽
1494	help	幫助補救；治療
1495	helpful	有幫助的；有益的
1496	hemisphere	半球；半球體
1497	hence	因此；由此
1498	herd	畜群；牧群放牧
1499	heritage	遺產；命運
1500	hesitate	躊躇；猶豫
1501	hesitation	躊躇；猶豫
1502	hidden	隱藏的；隱祕的
1503	hide	隱藏
1504	high	高的；高級的高聲地，在高處
1505	highway	公路；幹道
1506	hike	健行；遠足
1507	hilarious	可笑的；荒謬的
1508	hinder	妨礙；阻礙
1509	hint	暗示暗示；示意
1510	hire	僱用租用；僱用
1511	hobby	興趣；癖好
1512	hold	握著；抓住掌握；支配
1513	hole	洞；破洞鑿洞於；穿孔於
1514	holiday	節日；假日
1515	home	家庭；家庭生活在家；回家家庭的
1516	homesick	思家的
1517	hometown	故鄉；家鄉
1518	honest	誠實的；正直的
1519	honesty	誠實；正直
1520	honor	榮譽；名譽
1521	honorary	榮譽的; 名譽的
1522	hopeful	有希望的；有前途的
1523	hopeless	無望的；沒有辦法的
1524	horizon	地平線；眼界；視野
1525	horizontal	水平的；橫的
1526	horrible	可怕的；令人毛骨悚然的
1527	horrify	使恐懼；使驚懼
1528	hospital	醫院
1529	hospitality	好客；殷勤招待
1530	host	主人；主辦
1531	hostile	敵人的；敵方的
1532	hotel	旅館；飯店
1533	hour	小時；時刻
1534	hourly	每小時的每小時地；頻繁地
1535	house	房子；住宅
1536	household	家庭，戶家的；家庭的
1537	housekeeper	管家；佣人
1538	housing	房屋，住宅
1539	hub	集線器
1540	huge	龐大的；巨大的
1541	humane	人道的；仁慈的
1542	humankind	人類
1543	human resource	人力資源
1544	humble	謙遜的；謙恭的使謙卑
1545	humid	潮濕的
1546	humidity	濕氣；濕度
1547	humor	幽默感；幽默
1548	hurry	使趕緊；催促急忙；倉促
1549	hurt	受傷；疼痛受傷的損害；危害
1550	hush	靜寂，沉默使沉默，使安靜
1551	ice	冰結冰
1552	ice-cold	冰冷的；毫無感情的
1553	icon	畫像；偶像
1554	icy	多冰的；冷冰冰的
1555	idea	打算；計畫
1556	ideal	理想的；完美的
1557	idealize	形成理想；理想化
1558	identical	相同的；完全相似的
1559	identification	認出；識別
1560	identify	認出；識別
1561	idle	閒置的；空閒的
1562	idol	偶像
1563	idolize	崇拜偶像
1564	ignite	點燃；使燃燒
1565	ignition	著火；燃燒
1566	ignorance	無知；不學無術
1567	ignorant	無知的；不學無術的
1568	ignore	不理會；忽視
1569	ill	生病的；壞的不幸；禍害
1570	ill-advised	欠考慮的；輕率的
1571	illegal	違法的
1572	illicit	不法的，違禁的
1573	illiteracy	不識字；文盲
1574	illness	患病；身體不適
1575	illogical	不合邏輯的
1576	illuminate	照亮；照射
1577	illusion	錯覺；幻覺
1578	illustrate	說明；闡明
1579	illustration	描繪；插畫
1580	image	圖像；圖案
1581	imaginary	想像的；幻想的
1582	imagination	想像力
1583	imagine	想像
1584	imitate	模仿
1585	immature	不成熟的
1586	immediate	立刻的；立即的
1587	immediately	馬上；直接地
1588	immense	巨大的；廣大的
1589	immigrant	移民；僑民移民的
1590	immobile	不能動的；固定的
1591	immune	免疫的
1592	impact	產生影響
1593	impair	損害；損傷
1594	impartial	公正的；無偏見的
1595	impatient	不耐煩的，沒耐心的
1596	impeccable	無懈可擊的；無缺點的
1597	impede	妨礙；阻礙
1598	imperative	必要的；緊急的
1599	implement	工具；器具履行；實施
1600	implementation	履行；完成
1601	implication	牽連；涉及
1602	imply	暗指；暗示
1603	impolite	失禮的
1604	import	進口；輸入
1605	importance	重要性
1606	important	重要的
1607	impose	強加於
1608	impossible	不可能的
1609	impractical	不實際的
1610	impress	使感動；使銘記
1611	impression	印象
1612	impressive	印象深刻的
1613	improper	不合適的
1614	improve	增強；改善
1615	improvement	增強；改善
1616	impulse	衝動；刺激
1617	inability	無能；無力
1618	inaccurate	不正確的
1619	inactive	不活躍的
1620	inadequate	不適切的
1621	inbound	回內地的；歸本國的
1622	Inc.	法人組織；公司 (= incorporation)
1623	incentive	鼓勵；動機刺激的；鼓勵的
1624	inch	英吋；少許緩慢地移動
1625	incident	事件；事變
1626	incidental	附帶的；伴隨的
1627	incinerate	焚化；灰化
1628	incinerator	焚化爐
1629	inclination	傾向；意向
1630	incline	傾斜；屈身
1631	include	包括；包含
1632	including	包括；包含
1633	inclusive	包含的，包括的
1634	incoherent	無條理的；不一貫的
1635	income	收入；收益
1636	incoming	進來的進來；收入
1637	incompetent	無能力的；不能勝任的
1638	incomplete	不完全的；不完整的
1639	inconsistent	不一致的；不協調的
1640	inconvenience	不方便
1641	inconvenient	不方便的
1642	incorporate	合併；混合；組成公司
1643	incorporation	公司；團結
1644	incorrect	不正確的
1645	increase	增加；增多增加
1646	incredibility	不可信
1647	incredible	難以置信的；驚人的
1648	incur	招致；惹起
1649	indebt	使負債
1650	indecisive	優柔寡斷的
1651	indeed	真正地；確實
1652	indefinite	不確定的；未定的
1653	independent	獨立的；自主的
1654	in-depth	深入的；徹底的
1655	index	索引表明；指示
1656	indicate	指示；指出
1657	indication	徵兆；跡象
1658	indicator	指示者；指示物
1659	indifference	漠不關心；冷淡
1660	indifferent	冷淡的
1661	indispensable	必需的
1662	individual	個體的；個人的
1663	indoor	室內的
1664	indoors	在室內；在屋裡
1665	industrial	工業的
1666	industrialize	工業化
1667	industry	工業；企業
1668	inevitable	無法避免的
1669	inevitably	無法避免地
1670	infamous	聲名狼藉的
1671	infancy	嬰兒期；幼年
1672	infant	嬰兒嬰兒的；初期的
1673	infect	使受影響；感染
1674	infection	傳染；侵染
1675	infer	推論；推斷
1676	inference	推論；推斷
1677	inferior	低等的；下級的
1678	infinite	無限的
1679	infinity	無限
1680	inflation	通貨膨脹
1681	inflict	給予（打擊）；使遭受
1682	influence	影響；作用
1683	influx	湧進；匯集
1684	info	通知；報告
1685	inform	通知；告知
1686	informal	不正式的
1687	information	資訊
1688	informative	見聞廣博的
1689	infrastructure	公共建設
1690	ingredient	組成；原料
1691	inhabit	居住於；棲息於
1692	inhabitant	居民；居住者
1693	inherent	內在的；固有的
1694	initial	開始的；最初的
1695	initially	開始的；最初的
1696	initiate	新加入的
1697	initiation	開始；創始
1698	initiative	創始的
1699	inject	注射
1700	injection	注射
1701	injure	傷害；損害
1702	injured	受傷的
1703	injury	受傷
1704	inner	內部的；核心的
1705	innocent	無辜的；單純的
1706	innovate	創立；革新
1707	innovation	創新
1708	innovator	創新者
1709	inquire	詢問；打聽
1710	inquiry	詢問；打聽
1711	insane	精神錯亂的；瘋狂的
1712	insanity	瘋狂
1713	insecure	不安全的；有危險的
1714	insecurity	不安全；危險
1715	insert	插入；嵌入
1716	inside	內部；裡面在裡面在⋯⋯的裡面
1717	insider	內部的人；會員
1718	insight	見解；看法
1719	insignificant	不重要的
1720	insist	堅持
1721	inspect	檢查；審查
1722	inspection	檢查；審查
1723	inspector	檢查員；視察員
1724	inspiration	靈感；鼓舞
1725	inspire	鼓舞；激勵
1726	inspiring	激勵人心的
1727	install	安裝；設置
1728	installment	安裝；設置
1729	instance	例子；實例引證
1730	instant	立即的；即刻的
1731	instantaneously	即刻；突如其來地
1732	instead	反而，卻
1733	institute	協會；學院創立；設立
1734	institution	制度；機構
1735	instruct	命令；指示
1736	instruction	命令；指示
1737	instructor	教練；指導者
1738	instrument	樂器；儀器；器具
1739	instrumental	用樂器演奏的；有幫助的
1740	insult	侮辱；羞辱
1741	insurance	保險；保險契約
1742	insure	保證；確保
1743	integrity	正直
1744	intelligence	聰明才智
1745	intend	想要；打算
1746	intense	強烈的；劇烈的
1747	intensify	加強；增強
1748	intensive	加強的；密集的
1749	intent	意圖；目的
1750	intention	意圖；目的
1751	interchangeable	可交換的
1752	interest	興趣；喜好；利息
1753	interfere	妨礙；衝突
1754	interior	內部的；內側的
1755	intermittent	間歇的；週期性的
1756	internal	內部的
1757	international	國際的
1758	internationalize	使國際化
1759	interpret	解釋；說明
1760	interpreter	口譯者
1761	interrupt	打擾；干擾
1762	interruption	打擾；干擾
1763	interview	訪談；面試
1764	interviewee	被面試的人
1765	interviewer	採訪者
1766	intricate	錯綜複雜的；複雜精細的
1767	introduce	介紹；引見
1768	introduction	介紹；引見
1769	introductory	介紹的
1770	invent	發明；創造
1771	invention	發明；創造
1772	inventive	發明的；創造的
1773	inventor	發明家；創作者
1774	inventory	存貨清單；目錄
1775	invest	投資
1776	investment	投資
1777	investor	投資者
1778	invisible	看不見的；無形的
1779	invitation	邀請；邀請函
1780	invite	邀請
1781	invoice	發票；發貨單
1782	involve	涉入；參與
1783	involvement	參與
1784	irrelevant	不相干的
1785	issue	發行；配給問題；爭論
1786	item	項目；條款
1787	itemize	分條列述；詳細列舉
1788	itinerary	旅程；路線旅行的；旅程的
1789	janitor	看門人的工友
1790	job	工作；職業
1791	jobless	失業的
1792	jog	慢跑；緩行慢跑；輕搖
1793	join	參與；參加
1794	joint	關節；接合點
1795	journal	日報；雜誌
1796	journalist	新聞工作者
1797	journey	旅行
1798	judge	審判；判決法官；評判
1799	judgmental	判定的
1800	junction	連接；接合；交叉點
1801	justice	正義；公平
1802	justify	證明無罪；開釋
1803	keen	熱心的；敏銳的
1804	keenly	敏銳地；銳利地
1805	keep	持有；保有
1806	keeper	飼養者；保管人
1807	key	鑰匙；關鍵
1808	keyboard	鍵盤
1809	kick	踢；剔除
1810	kickoff	開球；開始
1811	kid	小孩；兒童
1812	kidna	綁架
1813	kidnapper	綁票者
1814	kidney	腎臟
1815	kilogram	公斤
1816	kilometer	公里
1817	kin	同類的；類似的家族；親戚
1818	kind	親切的；和藹的種類
1819	kindly	親切的；和藹的親切地；勞駕，請
1820	kindness	親切；寬大
1821	kit	成套工具
1822	know	知道；了解
1823	knowingly	熟悉地
1824	knowledge	知識
1825	knowledgeable	博學的；有見識的
1826	lab	實驗室
1827	label	貼紙；標籤貼標籤於
1828	labor	勞工；勞動勞動；艱苦地幹活
1829	laboratory	實驗室
1830	lack	缺少；缺乏欠缺；不足
1831	lacking	缺乏的
1832	lag	落後；延遲落後；延遲
1833	laid-back	懶散的；閒散的
1834	lamentl	哀悼；悲痛；哀悼，悲痛
1835	lamp	燈；油燈照；照亮
1836	land	陸地；田地；地產登陸；降落
1837	landing	降落，著落
1838	landlady	女房東；女地主
1839	landlord	地主；房東
1840	landmark	地標；里程碑
1841	landscape	風景；景色
1842	landscaper	庭園設計家
1843	languish	變得無生氣；衰弱
1844	lapse	時間流逝；跌落流逝；背離
1845	large	大的；巨大的
1846	large-scale	大規模的
1847	lash	鞭打；抽打鞭打；抽打
1848	last	持續；維持
1849	lasting	持久的；持續的
1850	last-minute	最後的
1851	late	遲的；已故的；晚期的遲到；來不及
1852	lately	近來；最近
1853	later	較晚的；更晚的後來；以後
1854	latter	後者的；後面的
1855	launch	發射；發動發射；發行
1856	laundry	洗衣店；送洗的衣服
1857	lavatory	盥洗室；洗手間
1858	law	法律；規則
1859	lawful	合法的；法定的
1860	lawsuit	訴訟
1861	lawyer	律師
1862	lay	放；擱；下蛋
1863	layer	層；階層
1864	layoff	解雇
1865	layout	安排；設計陳列
1866	lead	領導；帶領
1867	leader	領導
1868	leading	領路的；帶領的
1869	leaflet	傳單；單張印刷品
1870	league	同盟；聯盟同盟；聯盟
1871	leak	漏洞；裂縫洩漏
1872	leakage	漏；洩漏
1873	lean	傾身；屈身
1874	leap	跳過；越過跳；跳躍
1875	learn	學習；學會
1876	lease	租約；租契出租
1877	least	最小的；最少的
1878	leathe	皮革皮的；皮革製的
1879	leave	離開；脫離
1880	lecture	授課；演講
1881	legal	合法的；正當的
1882	legalize	使合法化
1883	legitimate	合法的；正統的
1884	leisure	閒暇；空暇時間空閒的
1885	lend	借；提供
1886	lesson	課程；學習
1887	letter	信；書信
1888	letterhead	印在信紙的信頭
1889	level	水平面；程度同水平的；同程度的使平等
1890	leverage	手段；力量；影響力
1891	liability	傾向責任
1892	liable	易⋯⋯的；可能的
1893	liberal	開明的；不守舊的
1894	library	圖書館
1895	license	證照；許可發許可證給
1896	lifestyle	生活方式
1897	likelihood	可能；可能性
1898	likely	適當的；可能的很可能
1899	limit	界線；界限限制；限定
1900	limited	有限的；不多的
1901	link	連結；聯繫連接；結合
1902	list	表；名冊
1903	litter	廢棄物；雜亂弄得亂七八糟；使充滿
1904	load	負擔；重任裝；裝載
1905	loan	貸款借出；貸與
1906	local	當地的；本地的本地人
1907	locate	設置在；座落於
1908	located	坐落的；位於的
1909	location	地點；定位
1910	lock	鎖鎖上
1911	locksmith	鎖匠
1912	logistics	物流；運籌
1913	logo	標識
1914	loom	織布機
1915	lose	丟失；輸去；賠錢
1916	loss	喪失；遺失
1917	lounge	閒蕩；躺椅閒蕩；閒逛
1918	loyal	忠誠的；忠心的
1919	loyalty	忠誠；忠心
1920	lucrative	賺錢的；有利可圖的
1921	luggage	行李
1922	lumber	木材；木料採伐
1923	mad	發瘋的；發狂的
1924	madness	瘋狂；神經錯亂
1925	magazine	雜誌
1926	magnificent	壯麗的；宏偉的
1927	mail	信件：郵件郵寄
1928	mailing	郵寄；郵件
1929	main	主要的；最重要的主要部分；要點
1930	mainframe	主機；中央處理器
1931	maintain	維持；保持
1932	maintenance	維持；保持
1933	major	主要的；一流的
1934	majority	多數派；大多數
1935	mall	購物中心
1936	manage	管理；經營
1937	management	管理；經營
1938	manager	經理；主任
1939	managerial	管理人的；經理的
1940	mandate	命令；指令
1941	manner	方式；態度；禮貌
1942	manual	手的；手工的手冊；便覽
1943	manually	手工地
1944	manufacture	製造，加工製造業；製品
1945	manufacturer	製造業者；廠商
1946	margin	邊；邊沿
1947	mark	痕跡；汙點；記號記下；標明
1948	market	市場；銷路
1949	match	比賽；競賽相配；相適合
1950	maternal	母親的；母性的
1951	matter	事情；問題；事件有關係；要緊
1952	maximum	最大量；最大數最大的；最多的
1953	mayor	市長
1954	mean	吝嗇的；小氣的表示⋯的意思
1955	meaning	意思；含義意味深長的
1956	measurable	可測量的
1957	measure	測量；計量措施；手段
1958	measurement	測量；測定
1959	medicine	藥；良藥
1960	mediocre	中等的；平凡的
1961	medium	媒介物；手段
1962	member	會員
1963	membership	會員身分；全體會員
1964	memo	備忘錄 (= memorandum) 記入備忘錄
1965	mend	修補；改善好轉；痊癒
1966	mental	精神的；心理的
1967	mention	提到；說起提到；說起
1968	mentor	導師
1969	menu	菜單；功能選單
1970	merchandise	商品；貨物買賣；經營
1971	merge	合併；融合
1972	merger	（公司等的）合併
1973	message	信息；消息通知；聯繫
1974	messenger	送信人；使者
1975	method	方法；手段
1976	meticulous	過分精細的；小心翼翼的
1977	metropolitan	大都市的
1978	midday	正午；中午
1979	midmorning	上午之中段時間
1980	mid-range	中等的；平均的
1981	mild	溫和的；溫柔的
1982	mildly	溫和地；溫柔地
1983	millennium	千年期
1984	minimum	最小量；最小數最小的；最少的
1985	minority	少數；少數派
1986	minute	分鐘；一會兒記錄下來
1987	minutely	每分鐘的；持續的仔細地；持續地
1988	miserable	痛苦的；不幸的
1989	miserably	痛苦地；艱苦地
1990	mission	使命；任務；傳教團派遣；傳教
1991	mistake	弄錯；誤解錯誤；過失
1992	mistaken	弄錯的；誤解的
1993	mistreat	虐待
1994	mistreatment	虐待
1995	misunderstand	誤會；曲解
1996	misunderstanding	誤會；曲解
1997	mitigate	使緩和；減輕
1998	mobilize	動員；調動
1999	moderately	適度地；有節制地
2000	modest	謙虛的；審慎的
2001	modification	修改；改變
2002	momentum	氣勢；衝力
2003	monetize	定為貨幣
2004	money	錢；貨幣
2005	monitor	顯示器；螢幕監控；監聽
2006	mood	心境；情緒；氣氛
2007	moral	道德的道德；品行
2008	mortgag	抵押抵押
2009	motivate	刺激；激發
2010	motivation	刺激；推動
2011	motive	動機；主旨起動的；推動的激起
2012	move	移動；推動
2013	movement	運動；活動；行動
2014	mul	深思熟慮亂糟糟；混亂
2015	myriad	無數；大量無數的；大量的
2016	nag	嘮叨；責罵不休好嘮叨的人
2017	nail	釘子；指甲釘牢；使固定
2018	naive	天真的；幼稚的
2019	name	名字；姓名提名；任命
2020	namely	即；那就是
2021	narrate	敘述；作旁白
2022	narration	敘述；講述
2023	narrator	敘述者；講述者
2024	narrow	狹的；狹窄的變窄；收縮
2025	narrowly	狹窄地；勉強地
2026	nation	國民；國家
2027	national	全國性的；國家的國民；國人
2028	nationality	國籍
2029	nationwide	全國性的在全國
2030	native	天生的；本國的本地人
2031	natural	自然的；不做作
2032	naturally	自然地；天然地
2033	nearby	附近的附近的
2034	necessarily	必定；必然地
2035	necessary	必要的，必需的
2036	necessity	需要；必要性
2037	need	需要；必要需要
2038	neglect	忽視；忽略忽視；忽略
2039	neglectful	疏忽的；不注意的
2040	negligence	疏忽；粗心
2041	negotiable	可協商的
2042	negotiate	協商；交涉
2043	negotiator	磋商者；交涉者
2044	nevertheless	仍然；不過
2045	news	新聞；消息
2046	newsletter	報紙
2047	nexus	連結；連鎖
2048	nominate	提名；任命
2049	nomination	提名；任命
2050	nominee	被提名人
2051	note	筆記；記錄注意；記下
2052	notebook	筆記本
2053	notice	注意；留意
2054	novel	小說
2055	novelty	新穎；新奇
2056	null	無效的；無價值的
2057	nurse	護士
2058	nursing	看護；護理
2059	nurture	養育；教養養育；培育
2060	nutrient	營養的；滋養的營養物
2061	nutrition	營養；滋養
2062	object	對象；目標反對
2063	objection	反對；異議
2064	objective	客觀的；如實的
2065	obligation	義務；責任
2066	obligatory	義不容辭的；有義務的
2067	observe	觀察；注意
2068	obsolete	廢棄的；淘汰的
2069	obtain	得到；獲得
2070	obvious	明顯的
2071	obviously	明顯地
2072	occasion	場合；狀況
2073	occupancy	佔有；入住
2074	occupation	工作，職業
2075	occupied	佔用的；在使用的
2076	occur	發生；出現
2077	occurrence	發生；出現
2078	offence	罪過；犯法 (= offense)
2079	offender	違法者；犯規的人
2080	offense	罪過；犯法
2081	offensive	冒犯的；唐突的
2082	offer	提供
2083	office	辦公室；職務
2084	official	官方的；公務上的
2085	offset	補償；抵銷補償；抵銷
2086	omission	遺漏；省略
2087	omit	遺漏；省略
2088	operate	營業；運轉
2089	operation	營業；運轉
2090	operational	操作上的；經營上的
2091	operator	操作者
2092	opinion	意見；評論
2093	opportune	恰好的；適宜的
2094	opportunity	機會
2095	opposite	相反的；對立的在對面在⋯⋯對面
2096	option	選項；選擇
2097	order	順序；狀況；命令命令；指揮
2098	ordinarily	通常地；慣常地
2099	ordinary	平凡的；通常的
2100	organize	組織；安排
2101	origin	起源；由來
2102	original	本來的；最初的
2103	originality	創造力；獨創性
2104	originally	本來的；最初的
2105	originate	發源；來自
2106	outbound	向外去的；駛向外國的
2107	outdo	勝過；超越
2108	outdoor	戶外的，露天的
2109	outer	外面的；外表的
2110	outgoing	友好的; 外向的
2111	outgun	火力壓過；武器多於
2112	outlaw	歹徒；罪犯法律上失效
2113	outlet	銷路；商店
2114	outline	外形；輪廓概述；略述
2115	outlook	觀點；看法
2116	outmaneuver	以計謀勝過
2117	out-of-date	不流行的
2118	output	出產；生產出產；生產
2119	outrage	惡行；暴行傷害；違反
2120	outrageous	可憎的；可恥的
2121	outrun	超過；超出
2122	outskirt	市郊；郊區
2123	outsmart	用計謀打敗
2124	outstanding	顯著的；傑出的
2125	outward	向外的；往外去的向外的；往外去的
2126	outweigh	比⋯⋯重；超過
2127	overall	總的，全部的工作褲
2128	overcome	戰勝；克服
2129	overhead	在頭頂上的；在上頭的在上頭；高高地
2130	overlap	部分重疊
2131	overlook	看漏；忽略
2132	overseas	在海外；在國外
2133	oversee	監視；監督
2134	overtime	加班超過時間的超過地
2135	overview	概觀；概要
2136	overwhelm	戰勝；征服
2137	ow	欠；歸功於
2138	own	自己的有；擁有
2139	owner	物主；所有人
2140	package	包裹；包
2141	panel	控制板；陪審員名單
2142	paragraph	（文章的）段；節
2143	part	部分；本分分開；使分離部分部分地
2144	partial	部分的；局部的
2145	participant	參與者
2146	participate	參加；參與
2147	particular	特有的，獨特的
2148	particularly	特別；尤其
2149	partner	夥伴；同伴
2150	partnership	合夥關係
2151	part-time	兼職的
2152	party	聚會；派對；黨派
2153	pass	穿過；通過通行證；護照；入場證
2154	passage	通行；走廊
2155	passenger	乘客
2156	passport	護照
2157	patch	補釘；補片補綴；修補
2158	path	小徑
2159	patience	耐心
2160	patient	有耐心的
2161	pattern	花樣；圖案
2162	pay	付；支付薪俸；報酬
2163	payable	應支付的；到期的
2164	payment	支付；付款
2165	payroll	薪金總額；發薪名單
2166	peace	和平；平靜
2167	peaceful	和平的；安詳的
2168	peculiar	奇怪的；乖癖的
2169	penalize	處罰；處刑
2170	penalty	處罰；刑罰
2171	perceive	察覺；感知
2172	percent	百分比；百分率
2173	percentage	百分率；百分比
2174	perception	感知；感受
2175	perfect	完美的；理想的
2176	perform	表演；實施使完美；做完
2177	performance	表演；成效
2178	perhaps	也許；大概
2179	period	時期；期間；生理期
2180	periodical	週期的；定期的
2181	permanent	永恆的；永遠的
2182	permit	允許；許可
2183	persistence	持續的；持久的
2184	persistent	持續的；持久的
2185	personnel	人員；員工
2186	perspective	透視的看法；觀點
2187	persuade	說服；勸服
2188	persuasion	說服；勸服
2189	pertain	從屬；附屬
2190	pertinent	恰當的；貼切的
2191	petrol	汽油
2192	Ph.D.	博士學位 (= Doctor of Philosophy)
2193	pharmacy	藥房
2194	photo	照片
2195	photograph	攝影照
2196	photographer	攝影師
2197	pile	堆；一堆堆積；疊
2198	pin	大頭針；別針別住；釘住
2199	pioneer	拓荒者；開拓者
2200	pipeline	渠道；路線
2201	pitch	投；擲；定在音高；程度
2202	place	地點；地區；身分放置；安置
2203	placement	布置
2204	placid	平靜的；寧靜的
2205	plain	簡樸的；坦白的平原；曠野
2206	plan	計畫；方案計畫；打算
2207	plane	飛機
2208	planet	行星
2209	plant	植物
2210	please	請；討人喜歡；討好
2211	pleased	喜歡的；滿意的
2212	pleasure	愉悅；滿足
2213	plug	塞子，栓；塞住；接通電源
2214	plumber	水管工
2215	pocket	口袋；財力袖珍的；小型的
2216	policy	政策；方針
2217	polite	有禮貌的；客氣的
2218	poll	投票；選舉投票
2219	pollute	汙染
2220	pollution	汙染
2221	ponder	仔細考慮；衡量
2222	population	人口
2223	portable	手提式的；輕便的
2224	portfolio	文件夾；個人作品
2225	pose	姿勢擺姿勢；裝腔作勢
2226	position	位置；姿態
2227	possess	擁有；佔有
2228	possession	擁有；所有物；財產
2229	possibility	可能性
2230	possible	可能的
2231	post	崗位；哨所
2232	postage	郵資；郵費
2233	posting	任命；委任職位
2234	postmaster	郵政局長
2235	postpone	延遲
2236	posture	姿勢；姿態
2237	potency	權力；效力
2238	potential	有潛力的；可能的
2239	power	力量；權力
2240	powerful	強大的；權力大的
2241	PR	公共關係 (= public relations)
2242	practical	有用的；實際的
2243	practice	練習
2244	precise	精準的
2245	precisely	精準地
2246	precondition	先決條件使⋯預先適應
2247	predict	預言；預知
2248	predictable	可預言的
2249	prediction	預言；預報
2250	predisposition	傾向；素質
2251	predominate	主宰；支配
2252	preface	序言；引語作為⋯⋯的開端
2253	prefer	偏好
2254	preference	偏好；喜愛
2255	prejudice	偏見；歧視損害；偏見
2256	premises	生產場所；經營場址
2257	premium	高價的；優質的獎品；獎金
2258	prepaid	預先付的
2259	prepare	準備
2260	prescription	命令；指示；處方
2261	present	現在的；當前的；出席的現在；目前
2262	preserve	保存；保藏
2263	president	總統；會長；主席
2264	press	按；壓；迫使報刊；新聞界
2265	pressure	壓力
2266	presume	設想；相假設
2267	pretend	假裝；佯裝
2268	pretense	假裝；矯飾
2269	pretentious	矯飾的；做作的
2270	prevail	勝過；戰勝
2271	prevalent	流行的；盛行的
2272	prevent	防止；預防
2273	preventive	預防的；防止的
2274	previous	以前的
2275	previously	事先；以前
2276	price	費用；價錢
2277	priceless	貴重的；無價的
2278	primarily	首先；起初；主要地
2279	prime	最初的；原始的
2280	principal	主要的；首要的
2281	principle	原則；原理
2282	prior	在前的；居先的
2283	prioritize	按優先順序處理
2284	priority	優先；重點
2285	privacy	隱私
2286	private	隱私的
2287	privatize	使私有（民營）化
2288	privilege	特權；優特
2289	prize	獎品；獎賞
2290	probably	大概；或許
2291	procedure	程序；手續
2292	proceed	開始；著手；出發
2293	process	過程；進程處理；辦理
2294	procure	引起；導致
2295	procurement	取得；採購
2296	product	產品；成品
2297	production	生產；製作
2298	productivity	生產力；生產率
2299	profession	職業；同業
2300	professional	專業的
2301	proficiency	精通；熟練
2302	profit	得益；獲益利潤；盈利
2303	profitable	有利的；贏利的
2304	profound	深刻的；深切的
2305	program	計畫；方案；節目
2306	programmer	程式設計師
2307	progress	前進；進行前進；進行
2308	progression	前進
2309	prohibit	禁止；妨礙
2310	project	計畫；投射
2311	projection	投擲；發射；投影
2312	prolific	多產的；豐富的
2313	prolong	延長；拖延
2314	promise	承諾；允諾承諾；允諾
2315	promote	晉升；促進
2316	promotional	增進的；獎勵的
2317	proof	證據；物證能抵擋的
2318	proper	適合的；適當的
2319	property	資產；所有物
2320	proposal	計畫；提案；求婚
2321	propose	計畫；建議；求婚
2322	prospect	指望；預期勘探
2323	protect	保護；防護
2324	protection	保護；防護
2325	proud	驕傲的；有自尊心的
2326	prove	證明；證實
2327	provide	提供
2328	proximity	接近；鄰近
2329	public	公眾的
2330	publication	出版物；公布
2331	publicize	宣傳；公布
2332	publish	出版；發行
2333	publisher	出版社
2334	punish	處罰
2335	punishment	處罰
2336	purchase	購買；獲得
2337	pure	純潔的；完全的
2338	purely	純粹地
2339	purify	使純淨；淨化
2340	purpose	目的；意圖
2341	pursue	追求；求愛；追趕
2342	pursuit	追求；尋求
2343	qualification	資格；能力
2344	qualify	使具有資格；使合格
2345	quality	品質；特性優良的
2346	quantity	數量；分量
2347	quarrel	爭吵；不和爭吵；不和
2348	quarter	四分之一；季度
2349	quarterly	季度的一季一次地
2350	question	問題；詢問訊問；審問
2351	questionable	可疑的；成問題的
2352	queue	行列；長隊排隊
2353	quick	快速的；迅速的
2354	quickly	快速地
2355	quiet	寧靜的；安定的安靜；靜謐平靜下來
2356	quit	解除；退出
2357	quite	完全；徹底
2358	quotation	引用；引證
2359	quote	引用；引述引號；引語
2360	race	賽跑；比比速度；參加競賽
2361	racial	人種的；種族的
2362	radical	根本的；基本的根部；基礎
2363	radio	無線電；收音機
2364	radioactive	放射性的
2365	radius	半徑；半徑距離
2366	railroad	鐵路
2367	raise	舉起；抬起加薪；提高
2368	random	胡亂的；隨便的
2369	randomly	任意地；隨便地
2370	range	排，行；一系列
2371	rank	等級；地位
2372	rapid	快的；迅速的
2373	rapidly	很快地；立即
2374	rare	稀有的；罕見的
2375	rarely	很少；難得
2376	rate	比例；率
2377	rather	相當；頗
2378	rational	理性的；有理性的
2379	reac	抵達；達到可及之範圍
2380	read	閱讀；攻讀讀物
2381	reader	讀者
2382	readership	讀者們
2383	readiness	準備就緒
2384	ready	準備好的；願意的
2385	realization	領悟；認識
2386	realize	領悟；實現
2387	reason	理由
2388	reasonable	合理的；正當的
2389	rebel	反抗者反叛的
2390	rebellion	反叛；造反；叛亂
2391	rebound	彈回；跳回
2392	rebuild	重建；改建
2393	recall	回想；回憶
2394	receipt	收據
2395	receive	收到；接到
2396	recent	新近的；最近的
2397	recently	最近
2398	reception	接待；歡迎
2399	receptionist	接待員
2400	recharge	再充電於；再裝填彈藥於
2401	recipient	接受者；受領者接受的；受領的
2402	reclaim	使改過；使悔改
2403	recognition	認出；識別
2404	recognizable	可辨認的
2405	recognize	認出；識別
2406	recommend	推薦
2407	recommendation	推薦
2408	reconsider	重新考慮
2409	record	記載；記錄
2410	recover	復原；恢復
2411	recovery	復原恢復
2412	recruit	徵募；僱用
2413	recruitment	徵募；僱用
2414	rectangle	矩形；長方形
2415	rectify	矯正；改正
2416	reduce	減少；縮小
2417	refer	提到; 談論
2418	reference	提及；參考文獻
2419	reflect	反射；照出
2420	reflection	倒影；反省
2421	refund	退還；償還
2422	refurbish	再磨光；刷新
2423	refusal	拒絕
2424	refuse	拒絕
2425	regard	注重；問候把⋯認為
2426	regarding	關於；就⋯⋯而論
2427	regardless	不顧一切地不注意的；不留心的
2428	region	地區；地帶
2429	registering	登記的；註冊的
2430	regular	規則的；有規律的
2431	regularly	定期地；有規律地
2432	regulate	管理；控制；校準
2433	regulation	規章；規則標準的；正規的
2434	rehearsal	排練；試演
2435	rehearse	排練；排演
2436	reimburse	償還；歸還
2437	reimbursement	償還；退款
2438	reinforce	增援；加強
2439	reinforcement	增援；加強
2440	reiterate	重做；重申
2441	reject	拒絕
2442	rejection	拒絕；反對
2443	relate	使有聯繫；有關；涉及
2444	relation	關係；關聯
2445	relationship	人際關係；戀愛關係
2446	release	釋放；發行釋放；解放
2447	relevant	有關的；切題的
2448	reliable	可信賴的；可靠的
2449	relief	緩和；減輕
2450	relocate	重新安置
2451	rely	倚靠；依靠
2452	remain	剩下；餘留
2453	remake	再製；改造
2454	remark	談到；評論言辭；談論
2455	remarkable	非凡的；卓越的
2456	remember	記得；記住
2457	remind	提醒
2458	remote	遙遠的；偏僻的
2459	remotely	遙遠地；間接地
2460	removal	移動；調動；免職
2461	remove	移動；調動
2462	render	使得；提出
2463	renew	使更新；使復原
2464	renewal	更新；復原
2465	renovation	更新；修理
2466	renowned	有名的；有聲譽的
2467	rent	租金；租費出租
2468	rental	租賃的租金；出租
2469	repair	修理；修補修理；修補
2470	repeat	重複；重做重複；複寫
2471	repetition	反覆背誦
2472	repetitive	重複的
2473	replace	放置；替代
2474	replacement	取代；更換
2475	replay	重演；重播重演；重播
2476	reply	回答；答覆
2477	report	報導；記述；告發報告；報導
2478	represent	描繪；代表
2479	representative	代表性的典型；代表物；代表
2480	reputation	名譽；名聲
2481	request	要求；請求要求；請求
2482	require	需要；要求
2483	requirement	需要；必需品
2484	reschedule	改期；重新編排
2485	research	研究；調查研究
2486	resemblance	相似；相貌相似
2487	resemble	像；類似
2488	reservation	預定；保留
2489	reserve	儲備；保存
2490	residence	住所；住宅
2491	resident	居民居住的；定居的
2492	residential	居住的；住宅的
2493	residual	殘留的；剩餘的
2494	residue	殘餘；剩餘
2495	resign	放棄；辭去
2496	resignation	辭職；放棄
2497	resist	抵抗；反抗
2498	resistance	抵抗；反抗
2499	resolute	堅決的；堅定的
2500	resolve	解決；決心決心；決意
2501	resource	資源；物力
2502	respect	敬重，尊敬
2503	respond	回答；答覆
2504	response	回答；答覆
2505	responsible	需負責任的；承擔責任的
2506	responsive	回答的；應答的
2507	restriction	限制；約束
2508	resume	恢復；重返梗概；履歷
2509	retail	零售零售零售的
2510	retailer	零售商；零售店
2511	retai	保留；保持
2512	retainable	能保持的；可保留的
2513	retainer	保留者；家臣
2514	retire	使退卻；使退休
2515	retirement	退休；退職
2516	retrieve	重新得到；收回
2517	return	返回；歸
2518	reveal	展現，顯露出揭示；揭露
2519	revenue	收入；稅收
2520	reverse	相反的；反向的顛倒；翻轉相反
2521	review	批評，評論；檢閱
2522	revise	修訂；校訂
2523	revision	修訂；校訂
2524	revive	甦醒；復甦
2525	revolve	旋轉；自轉
2526	reward	報答；報償報答；報償
2527	rigorous	嚴格的；嚴厲的
2528	rise	上升；升起上升；興盛
2529	rival	競爭者；對手競爭競爭的
2530	rivalry	競爭；對抗
2531	robust	強健的；茁壯的
2532	route	路線；路程
2533	routine	例行公事例行的
2534	royal	皇家的；盛大的
2535	royalty	皇族；王位；王權
2536	rule	規則；規定統治；管轄
2537	run	跑；競選跑；路程；暢銷
2538	rush	衝，奔；催促匆忙；緊急
2539	sacrifice	牲禮，祭品犧牲；獻出
2540	sadden	使悲傷；使難過
2541	sadly	悲哀地；傷心地
2542	sadness	悲哀；悲傷
2543	safe	平安的；無損的
2544	safeguard	保護；防衛保護；防衛
2545	safety	安全；平安
2546	salary	薪資；薪水
2547	sale	賣；出售；拍賣
2548	salvage	搶救；挽救救助；營救
2549	sample	樣品，樣本品嚐；體驗樣品的
2550	sanitary	公共廁所衛生的；清潔的
2551	satisfaction	滿意；滿足
2552	satisfy	使滿意；使高興
2553	savvy	懂；知曉
2554	scale	大小；規模攀登；增加
2555	scan	細看；審視掃描；細看
2556	scanner	掃描機
2557	scene	布景；景色；背景
2558	scenery	景色；風景
2559	schedule	時間表安排；預定
2560	scope	顯微鏡；望遠鏡
2561	scratch	抓；搔劃出刮痕；抓痕湊合的
2562	screen	螢幕；掩蔽物
2563	scrutinize	詳細檢查；細看
2564	seam	縫；縫合處縫合；接合
2565	seamlessly	無縫地
2566	search	搜查；探究搜查；搜尋
2567	season	季節
2568	secret	秘密
2569	section	部分；區域
2570	secure	安全的，無危險的使安全；掩護
2571	security	安全感；防備；保安
2572	seek	尋找；探索
2573	segment	部分；部門分割；切割
2574	seldom	不常；很少很少的；難得的
2575	select	選擇；挑選上等的；優等的
2576	selection	選擇；選拔
2577	selective	有選擇性的
2578	self	自身；自己
2579	self-employed	自由業的；自僱的
2580	semester	半學年；一學期
2581	seminar	專題討論會
2582	senior	年長的；前輩的前輩；上司；學長
2583	sense	感官；官能；見識了解；領會
2584	sensible	明智的；合情理的
2585	sensitive	敏感的；靈敏的
2586	separate	分隔；分割
2587	separation	分開；分居
2588	sequence	連續；接續
2589	series	連續；系列
2590	serious	嚴重的；危急的
2591	serve	服務
2592	service	服務；效勞服務；效勞
2593	session	會議；集會
2594	set	放；置；開始固定的；不變的一套；一部
2595	setback	挫折；失敗
2596	setup	組織；機構
2597	several	幾個的；數個的
2598	severe	嚴重的；劇烈的
2599	severely	嚴重地；劇烈地
2600	shape	形狀；樣子使成形；塑造
2601	share	分享
2602	shareholder	股東
2603	sharp	尖銳的；苛刻的幾點整
2604	shelf	架子
2605	ship	船；艦運送；裝運
2606	shipment	運輸；運送
2607	shipping	運輸；運輸業
2608	shortage	缺少；不足
2609	should	可能；該
2610	shredder	碎紙機
2611	sight	視覺；景象；觀光地看見；發現
2612	sign	徵象；前兆簽名於；簽署
2613	significance	重要性；重要
2614	significant	有意義的；重要的
2615	signify	表示；預示
2616	similar	相像的；相仿
2617	simulate	假裝；冒充
2618	simulation	偽裝；模仿
2619	sincere	衷心的；真誠的
2620	sincerely	真誠地；誠懇地
2621	sinful	罪孽深重的；有罪的
2622	sink	下沉；下陷水槽
2623	site	地點；場所
2624	situation	狀況；處境
2625	size	尺寸
2626	skill	技巧；技術
2627	skillful	有技巧的
2628	skim	撇去；瀏覽；略讀脫脂牛奶
2629	slash	減低；砍傷；抨擊砍傷；砍痕
2630	slice	薄片；切片切下；割去
2631	slip	滑動；滑跤失足；疏忽；錯誤
2632	slippery	滑的；油滑的
2633	slogan	口號；標語
2634	slope	傾斜；坡度傾斜
2635	sloppy	稀薄的；邋遢的
2636	slot	投幣口；自動販賣機
2637	slump	倒下；陷落下降；不景氣
2638	smoothl	平滑地；流暢地
2639	soar	往上飛舞，升高飛；高聳
2640	society	社會；交際
2641	software	軟體
2642	solace	安慰；慰藉安慰
2643	sola	太陽的；日光的
2644	solely	單獨地；唯一地
2645	solicit	請求；懇求
2646	solve	解決；解答
2647	sophisticated	世故的；精緻的
2648	sort	挑選；區分種類；品種
2649	sound	聲音；響聲聽起來
2650	source	根源；來源隔開
2651	space	空間；宇宙
2652	span	礅距；跨度橫跨；跨越
2653	special	特別的
2654	specialize	專精於
2655	specialty	專業；專長
2656	specification	載明；詳述
2657	specify	具體指定；詳細指明
2658	speech	演說；言論
2659	speed	快速；迅速促進；加快
2660	spend	花費；浪費
2661	splendid	壯麗的；輝煌的
2662	sponsor	贊助商
2663	sponsorship	資助；支持
2664	spot	斑點；場所立即玷汙；汙辱
2665	spray	噴霧；浪花噴灑
2666	spread	伸展；傳播蔓延；流行
2667	spring	春天；活力跳躍；提出
2668	sprinkle	灑；噴；淋稀疏小雨；少量
2669	spy	間諜；密探監視；偵察
2670	square	正方形；廣場正直的公正的
2671	stability	穩定；穩定性
2672	stable	馬；馬棚；畜舍
2673	stack	一堆，一疊；乾草堆堆放
2674	staff	職員；工作人員
2675	stage	舞臺；階段籌劃；舉行
2676	stake	危險；股本資助；押下
2677	stance	立場；態度
2678	stand	站立；站著立場；態度
2679	standard	標準；水準標準的；一流的
2680	standpoint	立場；觀點
2681	staple	主要產品主要的
2682	state	狀況，形態；國家；州陳述；聲明
2683	statement	陳述；說明
2684	station	車站；駐地；身分
2685	stationary	固定的；停滯的
2686	stationery	文具；信
2687	statistics	統計；統計資料
2688	status	地位；身分
2689	steadfast	堅定的；不動搖的
2690	steady	穩固的；平穩的使穩固；使穩定
2691	steam	蒸汽；水蒸汽蒸發；冒熱氣
2692	stem	起源於；攔住；阻擋莖，樹幹
2693	stick	枝條；棒狀物黏貼；堅持；固守
2694	stock	進貨；庫存品；股票庫存；貯存庫存的
2695	storage	貯藏；保管
2696	store	店舖；貯存貯存
2697	storm	暴風雨；爆發；激動
2698	stormy	暴風雨的；暴躁的橫衝直撞；猛衝；起風暴
2699	storyline	故事；情節
2700	stout	頑強的；牢固的；粗壯的
2701	straight	筆直的；正直的立刻；馬上
2702	straightforward	徑直的；簡單的坦率地；直截了當地
2703	strategy	策略；計謀
2704	stream	小河；溪流流；流動
2705	streamline	流線型的
2706	strength	力氣；實力強度
2707	strengthen	增強；鞏固
2708	stress	壓力；緊張；著重強調；著重
2709	stretch	伸直；展開，曲解伸縮；延續；吹牛
2710	strike	打擊；攻擊罷工；打擊
2711	strive	力爭；苦幹
2712	structure	結構構造
2713	study	學習；研究學習；研究
2714	style	風格；作風
2715	subject	主題；題目易受⋯；易患⋯
2716	subjectively	主觀地
2717	submit	屈從；忍受；提交；呈遞；主張
2718	subordinate	次要的；隸屬的部下；部屬
2719	subscribe	訂閱；同意
2720	subscription	訂閱；同意
2721	subside	消退；平息；減弱
2722	subsidiary	輔助的；附帶的
2723	subsidize	補助；資助
2724	subsidy	津貼；補貼
2725	substantial	真實的；堅固的
2726	substantiate	證實；證明
2727	substitute	代替人；代替物代替代替的
2728	subtract	減去；去掉
2729	subway	地下鐵
2730	succeed	成功；繼任
2731	success	成功；成就
2732	sufficient	足夠的；充分的
2733	suggest	建議
2734	suggestion	建議
2735	suit	西裝；套；副相稱；彼此協調
2736	suitable	適當的；合適的
2737	suitcase	小型旅行箱；手提箱
2738	suite	套房；隨從
2739	sum	總數；總和總結
2740	summarize	作總結；作概括
2741	superb	堂皇的；宏偉的
2742	superior	較高的；上級的；高傲的
2743	supervise	監督；管理
2744	supervisor	管理人；指導者
2745	supervisory	管理（員）的
2746	supplement	增補，補充；副刊
2747	supplementary	增補的；補充的
2748	supplier	供應者
2749	supply	供給；供應供給；供應
2750	support	支持；擁護支持；擁護
2751	supportive	支援的；贊助的
2752	suppose	猜想；以為
2753	surely	確實；無疑
2754	surface	面；表面表面的；外觀的顯露；呈現
2755	surmise	推測；猜測推測；猜測
2756	surplus	剩餘物；順差過剩的；剩餘的
2757	surprise	驚喜；驚訝驚喜；意外
2758	survey	問卷調查；做問卷
2759	survive	生存；生還
2760	susceptible	易被感動的；敏感的
2761	suspect	懷疑；不信任
2762	suspend	懸掛；使飄浮
2763	sustain	支撐；承受
2764	sweater	毛線衣
2765	swift	快速的；快捷的
2766	switch	開關；轉換改變；轉移
2767	sympathetic	同情的
2768	sympathize	同情；憐憫
2769	sympathy	同情；同情心
2770	symposium	討論會；座談會
2771	synthesis	綜合體；綜合
2772	system	制度；體制
2773	systematically	有系統地；有組織地
2774	tackle	著手；交涉
2775	tactful	機智的；圓滑的
2776	tactic	戰術；策略
2777	tag	牌子；標籤添加；附加
2778	tailor	裁縫師
2779	take	拿；取；獲得
2780	takeout	外賣；外賣的
2781	takeover	接管
2782	talk	講話；談話講話；談話
2783	talkative	多嘴的；健談的
2784	tangible	明確的；確鑿的
2785	tank	貯水池；坦克
2786	tap	閥門；塞子接通；裝上
2787	tape	膠布；錄音帶錄音
2788	target	靶子；目標對準
2789	task	任務；工作
2790	taste	味覺；味道吃起來；嚐起來
2791	tax	稅金課稅
2792	tear	撕開；撕裂眼淚；淚珠
2793	tease	戲弄；逗弄戲弄；逗弄
2794	technicality	專門性；學術性
2795	technician	技術人員；技師
2796	technique	技巧；技術；技法
2797	technological	技術（學）的
2798	technology	技術；科技
2799	temper	情緒；性情；脾氣調和；緩和
2800	temporary	臨時的；暫時的
2801	tenant	房客；承租人
2802	tender	嫩的；柔軟的
2803	tense	緊張的；拉緊的使繃緊；使緊張
2804	tension	拉緊；繃緊拉緊；繃緊
2805	tentative	試驗性的；嘗試的
2806	tenure	佔有；佔有權
2807	term	期；期限；任期
2808	terminal	末端的；終點的終點；末站；航廈
2809	terminology	術語，專門用語
2810	terrible	可怕的；嚇人的
2811	territory	領土；版圖；領地
2812	testify	作證；證實
2813	testimonial	證明書；推薦書
2814	thorough	徹底的；完全的
2815	thoroughness	徹底；完全
2816	though	雖然；儘管然而；還是
2817	thought	思維；思考
2818	thread	線狀物；頭緒通過；穿過
2819	threat	威脅；恐嚇
2820	thrive	興旺；繁榮
2821	throughout	遍及；遍布處處；始終
2822	thus	如此；這樣
2823	ticket	票；券
2824	tie	束縛；約束；平手
2825	tight	牢固的；緊身的緊緊地
2826	time	時間；時光測定；記錄
2827	timeliness	及時；適時
2828	titl	標題；題目加標題於
2829	token	標記；標誌；象徵象徵性的
2830	toll	使用費；通行費
2831	tool	工具；器具
2832	top	頂部；山頂；最高程度最高的；最優良的加蓋；勝過
2833	topic	主題；要旨
2834	total	總計的；總括的總數合計為
2835	tour	旅遊；遊覽旅遊；遊覽
2836	tow	拖；拉；牽引拖；拉；牽引
2837	town	鎮；市鎮
2838	track	行蹤；軌道跟蹤；追蹤
2839	trade	貿易；交易交換
2840	tradition	傳統習俗
2841	traditional	傳統的
2842	traffic	交通
2843	trail	拖；曳；跟蹤小道；痕跡
2844	transact	處置；執行
2845	transaction	交易；執行
2846	transfer	轉換；調動
2847	trash	廢物；垃圾
2848	travel	旅遊；移動
2849	traveler	旅行者；旅客
2850	treasure	金銀財寶；財富珍愛；珍視
2851	treat	對待；處理請客
2852	treatment	對待；治療
2853	treaty	條約；協定
2854	tremendous	巨大的；極大的
2855	trial	試驗；審問試驗的；審訊的
2856	triangle	三角形
2857	tribal	部落的；種族的
2858	tribe	部落；種族
2859	trivial	瑣細的；不重要的
2860	truly	真誠地；忠實地
2861	trust	信任；信賴信任；信賴
2862	trustee	受託管理人
2863	turnover	翻倒；翻轉
2864	twice	兩次；兩回；兩倍
2865	two-sided	兩邊的；兩面的
2866	type	類型；型式作為⋯的典型；打字
2867	typical	典型的；有代表性的
2868	typo	筆誤
2869	ultimate	最後的；最終的終極；結局
2870	ultimately	終極地
2871	ultra	偏激的；過分的
2872	unable	不能的；不會的
2873	unacceptable	無法接受的
2874	unaccountable	無法解釋的；無責任的
2875	unaccustomed	不習慣的；不熟悉的
2876	unauthorized	未被授權的
2877	unaware	未察覺到的意外地；突然地
2878	unbalance	使失去平衡
2879	unbeatable	打不垮的
2880	unbiased	無偏見的
2881	uncertain	不確定的
2882	uncertainty	不確定性
2883	unconventional	非傳統的
2884	underestimate	低估
2885	underground	地下的；不公開的
2886	underline	強調；使突出
2887	understand	了解；理解
2888	understatement	不充分的陳述；保守的陳述
2889	underway	在進行中的
2890	unfair	不公平的
2891	unforeseen	預料之外的
2892	unfortunately	不幸地
2893	unidentified	未辨別出的；身分不明的
2894	uniform	制服相同的；一致的
2895	unify	統一；聯合
2896	unimaginable	難以想像的；想不到的
2897	union	結合；合併
2898	unique	獨特的
2899	uniquely	獨特地
2900	uniqueness	獨特
2901	unit	單位；單元
2902	unite	使聯合；統一
2903	university	大學
2904	unless	除⋯⋯外如果不；除非
2905	unlimited	無限制的；無約束的
2906	unlock	開啟；揭開
2907	unnecessary	不必要的
2908	unsanitary	不衛生的；有礙健康的
2909	unsatisfactory	不滿意的
2910	upcoming	即將來臨的
2911	update	使現代化；更新
2912	upgrade	提高；提升升級；上坡
2913	upon	在⋯之上；在⋯上面
2914	upwards	向上地；朝上
2915	urban	城市的
2916	urbanize	使都市化
2917	urgent	急促的；急的
2918	use	使用
2919	useful	有用的；有價值的
2920	useless	無用的；無價值的
2921	usual	通常的；平常的
2922	usually	通常地；慣常地
2923	utilization	利用
2924	utilize	利用
2925	vacancy	空白；空缺
2926	vacant	空的；空著的
2927	vacation	假期；休假
2928	vaccinate	注射疫苗
2929	vaccination	疫苗接種
2930	vain	愛虛榮的；自負的
2931	valid	有根據的；確鑿的
2932	validat	使有效；使生效
2933	valuable	有價值的
2934	value	價值
2935	van	廂型車；小貨車
2936	vandalize	任意破壞
2937	variable	易變的；多變的
2938	variation	變動；差異
2939	variety	多樣化；變化
2940	various	不同的；各種各樣的
2941	vary	使不同；變更
2942	vas	廣闊的；浩瀚的
2943	vegetable	蔬菜
2944	vegetarian	素食主義者
2945	vehicle	運載工具；手段
2946	veil	面紗；面罩掩飾；遮蓋
2947	vend	出售；販賣
2948	vendor	小販；攤販
2949	venture	冒險事業；投機活動冒險
2950	verify	證明；證實
2951	versatile	多才多藝的；多功能的
2952	version	版本；說法
2953	vessel	船；艦；血管
2954	via	透過；憑藉
2955	viable	有望成功的；切實可行的
2956	vice	緊緊夾住 (=vise)
2957	vice versa	反之亦然
2958	victim	受害者；犧牲者
2959	viewpoint	觀點；視角
2960	violation	違反；違背
2961	virtual	虛擬的
2962	visibility	能見度；明顯性
2963	visible	可看見的；清晰的
2964	visit	參觀；訪視
2965	visitor	參觀者；訪視者
2966	visual	可被看見的；視覺的
2967	vita	生命的；充滿活力的
2968	vivid	生動的；活潑的
2969	vocabulary	單字；字彙
2970	voice	聲音
2971	volatile	易揮發的；易變的
2972	volunteer	志願者，義工自願
2973	voucher	票券；證人
2974	voyage	航海；航行航海；航行
2975	wage	進行；從事
2976	wagon	運貨馬車
2977	waist	腰；腰部
2978	wait	等；等待等待
2979	waiter	服務生
2980	waitress	女服務生
2981	waive	放棄；撤回
2982	wallet	皮夾
2983	wallpaper	壁紙
2984	warehouse	倉庫庫房
2985	warm	溫暖的；暖和的變暖和
2986	warn	警告；告誡
2987	warning	警告；告誡
2988	warranty	保證；擔保
2989	waste	浪費；濫用浪費；荒原
2990	watch	看守，監視；手錶觀看；注視
2991	wave	海浪；浪潮揮手；飄揚
2992	waver	搖擺；搖晃動搖
2993	weak	弱的；虛弱的
2994	weakness	虛弱；弱點
2995	wealth	財產；資源
2996	weight	重量；體重
2997	whereas	然而；反之
2998	whether	是否；不管是⋯⋯（或是）
2999	whole	整體的；全部的
3000	widespread	普遍的；廣泛的
